social_class,child_period,family_structure,parenting,complain,child_gender,parent_gender,parent_personality,child_personality,parent_attachment,child_attachment
"边缘 / 困难阶层 (Marginalized / Struggling Class)。特征: 收入极不稳定或非常低，常从事非正规、临时性工作，或仅靠小规模农业勉强维持生计。技能单一，议价能力弱。可能包括：城市中的低收入零工、失业/半失业人员、农村的普通农户（非规模化经营）、小镇或农村的留守老人/妇女（依赖外出务工子女汇款）。教育、医疗资源匮乏，社会保障覆盖不足或水平低，抗风险能力极弱。

地理分布: 较多分布在欠发达地区的农村、乡镇，以及大城市的“城中村”或边缘地带。

常见职业/身份: 农村普通农户（非规模化、低附加值种植/养殖）、城市临时工/零工（如工地杂工、举牌人员）、小摊贩（非固定、低利润）、废品回收人员、部分低收入的留守妇女/老人（依赖汇款或少量自给自足劳动）。","阶段四：青春期早期：身份认同与同伴压力 (12-14岁)：主要挑战与困难： 
o 生理变化： 经历青春期带来的身体发育和性成熟，可能产生身体形象焦虑和自我认同的困惑。
o 强烈的同伴认同感： 非常重视同伴的看法和接纳，容易受到同伴压力的影响，可能做出冒险行为。
o 情绪波动： 荷尔蒙变化导致情绪波动较大，难以控制情绪。
o 独立性需求： 渴望独立自主，但能力和经验不足，可能与父母产生冲突。
o 初步的性意识： 开始对性产生兴趣和好奇，可能面临相关困惑和风险 
o 处于“身份认同对角色混乱”阶段，核心任务是形成清晰的自我概念和身份认同。
o 青少年倾向于将自己归属于不同的社会群体（如同伴），并受群体规范的影响。
o 青春期荷尔蒙水平的急剧变化直接影响情绪和行为。此阶段的核心挑战在于应对生理变化，建立社会身份，并开始探索自我。同伴压力和身份认同的困惑是这一阶段最显著的个体和社会环境挑战。",核心家庭: 由父母（通常是夫妻）和他们的未婚子女组成。这是传统意义上最常见的家庭结构。可能的相处模式：父母通常是孩子的主要抚养者和教育者，亲子互动频繁且直接。父母对孩子的生活、学习和情感发展有全面的影响。相处模式可能因父母的教养方式而异，例如权威型、放任型、溺爱型等。,"权威型教养方式。维度特征： 高回应性 (High Responsiveness) + 高要求性 (High Demandingness)

详细描述：
权威型父母在温暖、支持与设定清晰界限、提出合理期望之间取得了平衡。他们对孩子充满关爱、支持，并能敏锐地回应孩子的需求。他们会设定明确的规则和行为期望，但关键在于，他们会向孩子解释这些规则背后的原因，促进孩子对规则和价值观的理解与内化。权威型父母鼓励开放的双向沟通，倾听孩子的观点，并在适龄的情况下让孩子参与设定目标和期望的过程。在纪律方面，他们采用支持性和一致性的方法，侧重于教导和指导，而非严厉惩罚，将违规行为视为学习和成长的机会。这种风格积极促进孩子的独立性、自主性和自我调节能力的发展。

关键特征总结： 平衡、支持、设限、解释规则、双向沟通、促进自主。

示例 (Examples)：

场景：孩子考试成绩不理想，感到沮丧。

权威型父母的反应： 父母首先会安慰孩子，认可他的失落感（“我知道你现在感觉很糟糕，没达到预期确实让人失望”），然后会和孩子一起坐下来，了解成绩不佳的原因（“我们一起看看这次错在哪里了？是没复习好，还是题目太难了？”），最后共同制定改进计划（“下次我们可以提前开始复习，或者针对这个难点多做些练习，你觉得呢？”）。

解释： 体现了高回应性（共情、倾听、支持）和高要求性（关注学业表现、寻求改进、设定未来努力方向）。

场景：十几岁的孩子想参加周末的朋友聚会，但聚会结束时间较晚。

权威型父母的反应： 父母会认真听取孩子的请求，了解聚会的细节（地点、参与人员、是否有成人监护等）。他们会表达自己的担忧（比如安全问题），但也会和孩子商量一个双方都能接受的解决方案，比如设定一个明确的回家时间、保持联系的方式，并解释设定这些规矩是为了孩子的安全。

解释： 体现了高要求性（设定界限和规则）和高回应性（尊重孩子的社交需求、沟通协商、解释规则原因）。

场景：孩子因为玩具和小伙伴发生争执并推了对方。

权威型父母的反应： 父母会立即制止不当行为，然后将孩子带到一边，帮助他冷静下来。之后，会引导孩子思考自己的行为（“推人是不对的，想想看，对方会是什么感觉？”），解释为什么这种行为不可接受，并鼓励孩子向对方道歉，同时一起探讨下次遇到类似情况如何更好地处理（比如轮流玩或寻求大人帮助）。

解释： 体现了高要求性（明确行为界限、执行纪律）和高回应性（关注孩子情绪、教导替代行为、解释后果）。

场景：分配家庭责任（家务）。

权威型父母的反应： 父母会向孩子解释为什么每个人都需要为家庭做贡献，然后根据孩子的年龄和能力，和孩子一起讨论他可以承担哪些家务。可能会给孩子一定的选择权（比如选择拖地还是整理房间），并明确完成时间和标准，对孩子的努力给予肯定和表扬。

解释： 体现了高要求性（设定家务责任和标准）和高回应性（解释原因、给予选择、鼓励参与）。

场景：孩子对学习某项新技能（如乐器）表现出犹豫或畏难情绪。

权威型父母的反应： 父母会鼓励孩子尝试，认可学习过程中的困难（“我知道这很难，刚开始都不容易”），提供必要的支持（寻找合适的老师、陪伴练习），设定合理的短期目标，并庆祝小的进步，同时也会和孩子沟通期望，强调坚持的重要性。

解释： 体现了高回应性（理解、支持、鼓励）和高要求性（设定目标、强调坚持、提出期望）。","考试焦虑 考试焦虑是一种在考试前、考试中或考试后出现的情绪反应，表现为过度的担忧、恐惧和紧张。这种焦虑源于对考试结果的过度关注、对失败的恐惧、对他人期望的压力以及自我评价的不安全感。考试焦虑可能影响儿童和青少年的学习能力、考试表现和心理健康，其严重程度会随着年龄、学业压力和个人性格特质而变化。在3-18岁的发展阶段中，考试焦虑可能以各种形式表现出来，从低龄儿童的简单害怕到青少年的复杂心理压力，都需要家长、教师和医疗专业人员的理解和适当干预。 </definition> <examples> 1. 小学四年级的李明每次遇到数学测验前一天晚上就会出现腹痛、恶心的症状，无法入睡。测验当天早上，他会反复确认自己的文具是否齐全，在考场上手心出汗，看到不会做的题目时会陷入慌乱状态，明明平时会做的题目也突然想不起解题方法。测验结束后，他会不断询问老师何时公布成绩，并担心自己考砸了会让父母失望。 2. 初中二年级的张婷是班上的优等生，但她对考试有着极度的恐惧。期中考试前两周，她就开始加倍复习，牺牲睡眠时间背诵知识点。她经常对自己说""我必须考第一""，""如果考不好就证明我不够努力""。考试当天，她会提前一小时到教室，复习到最后一刻。考试中遇到难题时，她会出现心跳加速、呼吸急促的症状，甚至有时候会因为担心时间不够而写字潦草。即使考得很好，她也会纠结于丢失的每一分，难以为自己的成绩感到满足。 3. 高三学生王强在高考前三个月开始出现睡眠问题，每晚只能睡4-5小时，且睡眠质量差。他经常做噩梦，梦见自己在考场上忘记所有知识点或迟到错过考试。白天复习时，他注意力无法集中，经常怀疑自己的备考效率，与同学比较学习进度后更加焦虑。他开始回避与朋友的社交活动，把所有时间都投入到学习中，但效率却不断下降。当家人询问他的状态时，他会暴躁反应或强装镇定，同时私下里反复计算各种分数线和录取可能性，陷入悲观的情绪中。 4. 幼儿园大班的小红在每次""小小测试""前（如认字、简单算术）都会表现出不安。她会在测试前一天反复问妈妈：""我会不会做错？""""老师会不会批评我？""测试当天早上，她会不愿意去幼儿园，说肚子疼或头痛。在测试过程中，她会频繁看老师的表情寻求肯定，做题时手指发抖，有时甚至会哭泣。即使得到了表扬贴纸，她也会担心下次测试自己会做得不好。",女性,女性,宜人性人格。高宜人性的人表现为：主动为陌生人开门，繁忙时让路给他人，经常询问别人需要帮助，记住重要日期，送小礼物表达感谢；思维上先考虑决定对他人影响，相信他人善意，将冲突视为需解决问题，关注团队和谐；情感上易感同情怜悯，对他人痛苦敏感，不喜欢冲突争论，因帮助他人而快乐；人际关系中擅长倾听支持，寻求妥协共识，愿意原谅过错，调和矛盾，避免直接批评；工作中是优秀团队成员，分享资源知识，认可他人贡献，为团队利益妥协。低宜人性的人表现为：谈判中坚持立场，质疑他人动机，优先考虑自身需求，直言不讳表达不满，不为迎合改变观点；思维以批判视角看待事物，保持怀疑，重视真实胜于礼貌，关注事实胜于感受，重视公平胜于和谐；情感上不易被情绪说服，愿表达不满和愤怒，在冲突中情绪稳定，情感表达直接不修饰；人际关系中讨论占主导，直言不讳，为原则坚持立场，不易被影响，重视独立性超过关系和谐；工作中竞争环境表现出色，擅长批判分析，对质量高标准，直接指出问题，注重结果胜过人际。,神经质人格（Neuroticism）。高神经质的人表现为：日常生活中会反复检查门锁是否关好，对社交场合的着装过度担忧，轻微身体不适就查阅医学网站；思维上常进行灾难性假设，将小问题扩大化，记忆中更易回想负面经历；情绪起伏大，在压力下容易流泪，对噪音或混乱环境反应强烈；人际关系中过度分析他人言行，需要频繁情感安抚，害怕被拒绝；工作中对截止日期极度焦虑，反复检查工作成果，难以在压力下集中注意力。低神经质的人表现为：面对变化保持镇定，不为小事烦恼，能迅速从挫折中恢复；思维积极或中性，专注解决问题而非担忧，对不确定性有较高容忍度；情绪波动小，压力下保持冷静，能控制情绪反应；人际关系中不过度解读他人反应，对批评持开放态度，不需频繁情感确认；工作中能高效完成任务而不焦虑，面对评价保持客观，压力下仍能专注。,"焦虑-专注型依恋。**描述**：这类型的个体对自我持消极看法但对他人持积极看法。他们渴望亲密关系，但常常担心被拒绝或抛弃。由于缺乏自我价值感，他们过度依赖伴侣来获得安全感和自我认同，容易表现出黏人、要求过高和情绪化的行为。
**具体表现**：
1. **过度寻求确认**：频繁需要伴侣确认爱意和承诺。例如，反复询问'你真的爱我吗？'、'我们的关系还好吗？'，即使伴侣刚刚表达过肯定的回答。
2. **关系中的警觉性**：对伴侣行为的细微变化极为敏感，常将中性事件解读为负面信号。比如，伴侣回复消息稍有延迟，就会猜测是否对方不再关心自己，甚至开始构想被抛弃的场景。
3. **情感强化**：在关系中情感反应强烈，尤其是当感到被忽视或不安全时。例如，伴侣临时取消约会可能引发强烈的失落感或愤怒，远超过事件本身的严重程度。
4. **界限模糊**：难以在关系中保持健康的个人界限，倾向于过度融入伴侣的生活。比如，可能会放弃个人爱好和朋友圈，将全部时间和精力投入到关系中，期望伴侣也这样做。
5. **分离焦虑**：当伴侣不在身边时感到极度不安和焦虑。例如，伴侣出差一周，会不断发信息或打电话，需要持续的联系才能缓解焦虑；若联系不上伴侣，可能会立即假设最坏情况（如出轨或失去兴趣）。","恐惧-回避型依恋。**描述**：恐惧-回避型个体对自我和他人都持消极看法。他们既渴望亲密关系以获得安全感，又害怕亲密带来的脆弱和可能的伤害。这种矛盾心理使他们在关系中表现出靠近-远离的模式，很难建立稳定的亲密关系。
**具体表现**：
1. **靠近-远离模式**：在关系中展现矛盾行为，当关系疏远时渴望亲近，当关系亲密时又感到不适并退缩。例如，主动邀请伴侣共度周末后，实际相处时却表现得情绪冷淡或找借口提前结束活动。
2. **自我破坏**：无意识地采取破坏关系的行为，尤其是当关系变得稳定和亲密时。比如，在关系进展顺利时，突然提出无理要求或故意挑起争端，仿佛在测试关系或证实自己'不值得被爱'的信念。
3. **猜疑与不信任**：对伴侣的意图持续怀疑，难以相信对方的真诚关心。例如，当收到伴侣的礼物或赞美时，会怀疑背后有不可告人的动机：'你为什么突然对我这么好？你是不是做了什么对不起我的事？'
4. **情感两极**：情感体验往往在极端间摇摆，从强烈的依恋到突然的疏离。比如，一天内可能从热情黏人迅速转变为冷漠疏远，让伴侣感到困惑和不安。
5. **关系历史模式**：反复经历短暂而强烈的关系，常因无法处理亲密带来的焦虑而终止关系。一个典型模式是：迅速投入一段关系并理想化伴侣，随后发现对方'缺点'并感到失望，最终以'我就知道这不会长久'的心态结束关系，确认了自己对关系失败的预期。"
"中产阶层 (Middle Class)。特征: 中国社会的中坚力量，范围最广。拥有相对稳定的工作和收入，通常拥有自有住房（可能背负房贷）。包括大多数白领、技术人员、公务员、教师、医生、中小企业主、经营状况良好的个体工商户等。非常关注子女教育、医疗、养老，生活有一定压力但具备一定的消费能力和抗风险能力。

地理分布: 广泛分布于全国各级城市，是一二三线城市人口的主体。

常见职业: 普通企业管理者（部门经理、主管）、工程师、程序员、大多数医生、中小学教师、普通公务员、事业单位职员、律师（非合伙人）、记者编辑、设计师、技术人员、经营状况良好的个体工商户/小型企业主、经验丰富的白领职员。","阶段四：青春期早期：身份认同与同伴压力 (12-14岁)：主要挑战与困难： 
o 生理变化： 经历青春期带来的身体发育和性成熟，可能产生身体形象焦虑和自我认同的困惑。
o 强烈的同伴认同感： 非常重视同伴的看法和接纳，容易受到同伴压力的影响，可能做出冒险行为。
o 情绪波动： 荷尔蒙变化导致情绪波动较大，难以控制情绪。
o 独立性需求： 渴望独立自主，但能力和经验不足，可能与父母产生冲突。
o 初步的性意识： 开始对性产生兴趣和好奇，可能面临相关困惑和风险 
o 处于“身份认同对角色混乱”阶段，核心任务是形成清晰的自我概念和身份认同。
o 青少年倾向于将自己归属于不同的社会群体（如同伴），并受群体规范的影响。
o 青春期荷尔蒙水平的急剧变化直接影响情绪和行为。此阶段的核心挑战在于应对生理变化，建立社会身份，并开始探索自我。同伴压力和身份认同的困惑是这一阶段最显著的个体和社会环境挑战。",核心家庭: 由父母（通常是夫妻）和他们的未婚子女组成。这是传统意义上最常见的家庭结构。可能的相处模式：父母通常是孩子的主要抚养者和教育者，亲子互动频繁且直接。父母对孩子的生活、学习和情感发展有全面的影响。相处模式可能因父母的教养方式而异，例如权威型、放任型、溺爱型等。,"放任型教养方式。维度特征： 高回应性 (High Responsiveness) + 低要求性 (Low Demandingness)

详细描述：
纵容型父母通常非常温暖、有爱，但过于宽容，常常把自己定位为孩子的朋友而非权威人物。他们很少设定规则或期望，即使设定了，纪律执行也往往不频繁、不一致。这些父母可能很难对孩子说“不”，为了维持和谐而避免对抗。因此，在这种教养方式下长大的孩子通常拥有很大的自由度和自主权，有时甚至超出了他们年龄应有的范围。

关键特征总结： 纵容、宽松、少规则、避免冲突、像朋友。

示例 (Examples)：

场景：孩子很晚才从外面玩耍回家，远超约定时间。

纵容型父母的反应： 父母可能会稍微念叨几句（“哎呀，怎么这么晚才回来？”），但很快就作罢，甚至可能还关切地问孩子玩得开不开心，而没有实施任何后果或强调遵守约定的重要性。

解释： 体现了低要求性（不执行规则、无后果）和高回应性（避免冲突、关注孩子感受）。

场景：孩子在超市里哭闹着要买一个昂贵的玩具。

纵容型父母的反应： 父母一开始可能试图安抚，但如果孩子坚持哭闹，为了尽快平息场面或不想让孩子不开心，最终很可能会妥协买下玩具，即使这超出了预算或孩子并不真的需要。

解释： 体现了高回应性（对孩子的要求敏感、希望孩子快乐）和低要求性（难以拒绝、缺乏界限）。

场景：孩子不做作业，而是长时间看电视或玩游戏。

纵容型父母的反应： 父母可能会提醒一两句，但如果孩子不听，他们往往不会坚持，也不会强制执行学习时间或限制娱乐时间。他们可能认为孩子“自己会懂事的”或者不想因此和孩子闹不愉快。

解释： 体现了低要求性（缺乏对学业的结构化要求和监督）和（某种程度上的）高回应性（避免冲突、给予孩子“自由”）。

场景：孩子对长辈说话没礼貌。

纵容型父母的反应： 父母可能会觉得尴尬，但很少会直接纠正孩子的行为，或者只是轻描淡写地说一句“别这样说话”，但没有后续的教导或后果。他们可能认为孩子还小，或者觉得严格要求会压抑孩子的个性。

解释： 体现了低要求性（缺乏行为规范的教导和执行）和高回应性（害怕孩子不快或认为这是孩子“天性”）。

场景：孩子房间非常杂乱，拒绝整理。

纵容型父母的反应： 父母可能会抱怨几句，但最终很可能自己动手帮孩子整理，或者干脆听之任之，认为这是孩子的“私人空间”。他们不会坚持让孩子承担整理自己空间的责任。

解释： 体现了低要求性（不设定和执行整洁的期望）和高回应性（包办代替以避免冲突或让孩子承担责任）。","身体发育困惑 身体发育困惑是指儿童和青少年在身体成长过程中对自身生理变化产生的不确定、担忧或混乱感受。这种困惑通常与青春期发育、性别认同和身体形象有关，可能导致自卑、焦虑或社交回避等问题。在3-18岁年龄段，随着身体逐渐发育和荷尔蒙水平变化，孩子们可能会对自己的身体变化感到困惑、羞耻或不安，特别是当他们与同龄人发育进度不同时。这种困惑是成长过程中的正常现象，但若不及时疏导，可能影响青少年的自尊心和心理健康发展。 </definition> <examples> 1. 11岁的小芳最近发现自己开始发育，胸部有了轻微隆起，但班上大多数女生还没有明显变化。她开始穿宽松的衣服遮掩身体，回避体育课和游泳活动，害怕被同学注意到自己的变化。她经常偷偷哭泣，不敢向父母提问，对自己""与众不同""感到困惑和羞耻。 2. 14岁的小明是班上个子最矮的男生，而许多同龄男生都已经开始变声、长高。他在更衣室里回避换衣服，害怕被嘲笑没有体毛和肌肉发育。他开始obsession地在网上搜索""如何促进生长""，尝试各种不科学的方法增高，并因为自己的发育迟缓而产生深深的自卑感，甚至拒绝参加社交活动。 3. 16岁的婷婷因为发育过早，从小学五年级就已经来月经并有明显的女性特征。高中时，她的身材比同龄人更为成熟，经常受到不必要的关注。这让她对自己的身体感到困惑和不安，不知道如何应对他人的目光和评论。她开始怀疑自己是否""不正常""，并因此产生了扭曲的身体形象，进而发展出饮食失调的倾向，希望通过控制体重来减少自己的女性特征。 4. 8岁的小强最近开始对男孩和女孩身体差异产生好奇，但当他向父母提问时，得到了回避或敷衍的回答。这导致他从网络和同学那里获取了不准确的信息，产生了许多误解和困惑。他开始在学校问一些不恰当的问题，并因此被老师批评，使他更加混淆，不知道为什么讨论身体是""错误的""。",男性,女性,尽责性人格。高尽责性的人表现为：按时甚至提前完成任务，保持整洁有序环境，遵守时间承诺，列清单按计划行事，按类别整理收纳；思维上重视长期目标胜过即时满足，决定前考虑后果，关注细节准确性，提前规划，设定清晰目标；情感上因拖延混乱不安，完成任务有成就感，对不守时焦虑，重视自控自律，对未完成工作负罪感；人际关系中被视为可靠值得信赖，履行承诺，担任组织者角色，对不负责任行为不满，详细安排活动，准时参加；工作区域井然有序，建立有效系统，按重要性分配时间，坚持完成困难任务，详细记录跟进。低尽责性的人表现为：即兴决定行动，生活工作空间看似杂乱，经常改变计划，按直觉非计划行事，对截止日期灵活，收纳缺乏系统；思维注重当下胜过长期，灵活应对变化，不拘泥细节，轻松改变方向目标，对规则灵活；情感上不因混乱延迟压力，享受即兴意外，对严格计划感束缚，偏好自由开放，在自发活动中愉悦；人际关系中轻松自然，对计划变更开放，不执着时间精确，互动随性，强调自发性；工作中最后期限前突击，风格看似杂乱有自己逻辑，灵活调整方法，适应力强但可能缺乏条理。,开放性人格。高开放性的人表现为：喜读各类书籍，尝试不同文化餐厅，听多种音乐流派，探索非旅游区，经常尝试新爱好；思维上喜欢抽象概念，发现不同事物联系，对哲学理论感兴趣，挑战传统观念；情感上对美感反应强烈，被艺术作品感动，情感体验丰富多样，能识别表达复杂情绪；人际关系中欣赏不同背景朋友，对新观点开放，愿讨论争议话题，包容他人不寻常选择；工作中在创意领域突出，提出非传统解决方案，跨学科学习，对学习新技能热情。低开放性的人表现为：喜欢熟悉环境和例行公事，食物偏好固定，欣赏传统艺术，度假去相同地点，长期保持相同爱好；思维关注具体非抽象，偏好明确事实和现实问题，重视实用性可靠性，喜欢清晰答案；情感表达直接明了，对艺术反应克制，情绪体验简单明确，熟悉事物感舒适；人际关系中倾向与相似背景人交往，偏好实际话题，避免争议讨论，与价值观相似人相处更舒适；工作中擅长遵循既定程序，结构化环境表现出色，重视实用技能和可靠性。,"恐惧-回避型依恋。**描述**：恐惧-回避型个体对自我和他人都持消极看法。他们既渴望亲密关系以获得安全感，又害怕亲密带来的脆弱和可能的伤害。这种矛盾心理使他们在关系中表现出靠近-远离的模式，很难建立稳定的亲密关系。
**具体表现**：
1. **靠近-远离模式**：在关系中展现矛盾行为，当关系疏远时渴望亲近，当关系亲密时又感到不适并退缩。例如，主动邀请伴侣共度周末后，实际相处时却表现得情绪冷淡或找借口提前结束活动。
2. **自我破坏**：无意识地采取破坏关系的行为，尤其是当关系变得稳定和亲密时。比如，在关系进展顺利时，突然提出无理要求或故意挑起争端，仿佛在测试关系或证实自己'不值得被爱'的信念。
3. **猜疑与不信任**：对伴侣的意图持续怀疑，难以相信对方的真诚关心。例如，当收到伴侣的礼物或赞美时，会怀疑背后有不可告人的动机：'你为什么突然对我这么好？你是不是做了什么对不起我的事？'
4. **情感两极**：情感体验往往在极端间摇摆，从强烈的依恋到突然的疏离。比如，一天内可能从热情黏人迅速转变为冷漠疏远，让伴侣感到困惑和不安。
5. **关系历史模式**：反复经历短暂而强烈的关系，常因无法处理亲密带来的焦虑而终止关系。一个典型模式是：迅速投入一段关系并理想化伴侣，随后发现对方'缺点'并感到失望，最终以'我就知道这不会长久'的心态结束关系，确认了自己对关系失败的预期。","恐惧-回避型依恋。**描述**：恐惧-回避型个体对自我和他人都持消极看法。他们既渴望亲密关系以获得安全感，又害怕亲密带来的脆弱和可能的伤害。这种矛盾心理使他们在关系中表现出靠近-远离的模式，很难建立稳定的亲密关系。
**具体表现**：
1. **靠近-远离模式**：在关系中展现矛盾行为，当关系疏远时渴望亲近，当关系亲密时又感到不适并退缩。例如，主动邀请伴侣共度周末后，实际相处时却表现得情绪冷淡或找借口提前结束活动。
2. **自我破坏**：无意识地采取破坏关系的行为，尤其是当关系变得稳定和亲密时。比如，在关系进展顺利时，突然提出无理要求或故意挑起争端，仿佛在测试关系或证实自己'不值得被爱'的信念。
3. **猜疑与不信任**：对伴侣的意图持续怀疑，难以相信对方的真诚关心。例如，当收到伴侣的礼物或赞美时，会怀疑背后有不可告人的动机：'你为什么突然对我这么好？你是不是做了什么对不起我的事？'
4. **情感两极**：情感体验往往在极端间摇摆，从强烈的依恋到突然的疏离。比如，一天内可能从热情黏人迅速转变为冷漠疏远，让伴侣感到困惑和不安。
5. **关系历史模式**：反复经历短暂而强烈的关系，常因无法处理亲密带来的焦虑而终止关系。一个典型模式是：迅速投入一段关系并理想化伴侣，随后发现对方'缺点'并感到失望，最终以'我就知道这不会长久'的心态结束关系，确认了自己对关系失败的预期。"
"顶层 / 富裕阶层 (Upper Class / Wealthy)特征: 掌握巨额财富和生产资料，拥有强大的社会网络和影响力。享受顶级的生活品质、教育、医疗和社会资源。

地理分布: 高度集中在一线城市（北上广深）及少数发达二线城市（如杭州）的核心区域。

常见职业/身份: 大型企业创始人/所有者/实际控制人、高层核心决策者（如董事长、CEO）、知名投资人/金融家、继承巨额财富者、极少数顶级权贵。","阶段一：早期社会情感适应期 (3-5岁)：主要挑战与困难： 
o 分离焦虑： 离开主要照顾者（通常是父母）进入幼儿园等新环境时，可能出现焦虑和不安全感。
o 情绪调节： 学习识别和管理自己的情绪，如愤怒、悲伤和恐惧，常常表现为哭闹、发脾气等。
o 社交技能发展初期： 学习分享、轮流、合作等基本的社交规则，容易发生冲突。
o 语言表达能力有限： 难以清晰表达自己的需求和感受，导致挫败感。
o 初步的规则意识： 学习理解和遵守简单的规则，但常常会挑战界限。
o 此阶段儿童对主要照顾者形成强烈的依恋，分离会引发依恋系统的激活，产生焦虑。
o 处于“自主行动对内疚感”阶段，面临发展自主性的挑战，若受挫则可能产生内疚感。
o 处于前运算阶段，思维具有自我中心性，难以理解他人的观点，导致社交冲突。
o 此阶段的核心挑战在于适应新的社会环境，学习基本的社会规则和情绪管理，为未来的社会交往打下基础。分离焦虑和情绪调节是这一阶段最突出的个体挑战。",主干家庭: 包含两代或两代以上的已婚夫妇，每一代最多只有一对夫妇，且中间没有断代。例如：父母和已婚的儿子/女儿及其配偶和孩子。可能的相处模式：孩子可能与父母和祖父母都有密切的互动。祖父母可能参与到孩子的养育中，提供额外的关爱和支持。父母可能在育儿方面受到祖父母的影响。孩子有机会接触到不同的生活经验和价值观。,威权主义教养方式。维度特征： 低回应性 (Low Responsiveness) + 高要求性 (High Demandingness)详细描述：专制型父母要求严格，控制欲强，期望孩子无条件服从，常使用“因为我说了算”来回应孩子的疑问。规则通常非常严格且不加解释，几乎没有协商、妥协或孩子表达意见的空间。沟通往往是单向的，从父母到孩子，孩子通常不被鼓励表达自己的想法、感受或质疑父母的权威。当规则被打破时，专制型父母倾向于采取严厉的惩罚，有时甚至包括体罚。他们可能表现出较少的关爱和温暖，更倾向于批评，并对孩子施加高甚至不切实际的期望。关键特征总结： 严厉、苛求、缺乏温暖、期望服从、单向沟通、惩罚为主。示例 (Examples)：场景：孩子考试成绩不理想。专制型父母的反应： 父母可能会严厉斥责孩子（“你怎么这么笨！才考这么点分？”），进行横向比较（“你看隔壁家小明，每次都比你强！”），并施加惩罚（如禁止看电视一个月），要求下次必须达到某个高分数，但很少提供具体的帮助或情感支持。解释： 体现了高要求性（对分数的高期望、惩罚）和低回应性（斥责、缺乏共情和支持）。场景：十几岁的孩子想参加周末的朋友聚会。专制型父母的反应： 父母可能会直接拒绝（“不行！那种场合都是坏孩子才去的！”）或者设定极其严格且不容置疑的条件（“要去可以，晚上8点必须到家，多一分钟都不行！”），并且不允许孩子争辩或解释。解释： 体现了高要求性（严格控制、绝对权威）和低回应性（不考虑孩子感受、不沟通理由）。场景：孩子因为玩具和小伙伴发生争执并推了对方。专制型父母的反应： 父母可能会当众严厉批评甚至打骂孩子（“你再敢推人试试！看我不打你！”），命令孩子立刻道歉（无论孩子是否理解或愿意），关注点在于立刻制止行为和维护“面子”，而非教导。解释： 体现了高要求性（强制服从、严厉惩罚）和低回应性（忽视孩子情绪、缺乏教导和解释）。场景：分配家庭责任（家务）。专制型父母的反应： 父母直接命令孩子必须做哪些家务，规定严格的时间表（“每周六早上必须把你的房间打扫干净，9点我来检查！”）。如果孩子未能完成或做得不好，会受到批评或惩罚，没有商量余地。解释： 体现了高要求性（强制命令、严格标准）和低回应性（无视孩子意愿、缺乏解释和灵活性）。场景：孩子表达与父母不同的意见或选择（例如想学的专业）。专制型父母的反应： 父母可能会驳回孩子的想法（“小孩子懂什么？就得学我们给你选的这个！”），强调父母的权威和经验，不给孩子解释自己想法的机会，甚至可能威胁如果不听从安排就会有负面后果。解释： 体现了高要求性（强加意愿、控制选择）和低回应性（否定孩子观点、缺乏尊重和沟通）。,"教师忽视 教师忽视是指教育工作者对学生在学习、情感或社交需求上的关注不足或疏忽。这种忽视可能是有意识的，如教师故意忽略某些学生的参与或需求；也可能是无意识的，如因班级规模过大或工作负担过重而忽略了学生的个体差异。教师忽视会影响3-18岁儿童和青少年的学习积极性、自尊心和社交发展，特别是对于那些本就需要额外关注和支持的学生来说，影响尤为显著。在儿童早期阶段（3-6岁），教师的关注对建立安全感和学习兴趣至关重要；在小学阶段（6-12岁），教师的认可和支持直接影响学生的自我认知和学习动力；在青少年期（13-18岁），教师的指导和尊重对学生的身份认同和未来规划有重要影响。 </definition> <examples> 1. 小明是一名7岁的小学二年级学生，性格内向。在课堂提问环节中，他经常举手但老师很少叫到他，而是总是选择那些活跃的学生回答问题。久而久之，小明开始不再举手参与，甚至对自己喜欢的科目也逐渐失去兴趣，因为他感觉""老师根本不在乎我知不知道答案""。 2. 15岁的李华在初三数学考试中成绩突然下滑，从平时的优秀降至及格线边缘。虽然她多次在课后想找数学老师寻求帮助，但老师总是匆忙离开或表示""自己回去多做题就会了""，没有给予实质性的指导。随着期末考试临近，李华对数学产生了严重的焦虑情绪，甚至出现了逃课行为。 3. 幼儿园大班的小红（5岁）是一个活泼但注意力不集中的孩子。在集体活动中，她偶尔会出现不遵守规则的行为。老师为了""省事""，经常将小红安排在角落位置，很少给她表现的机会，也不耐心引导她融入集体活动。随着时间推移，小红在幼儿园变得越来越孤立，开始抗拒上学，并在家中表现出攻击性行为。 4. 王强是一名17岁的高二学生，因家庭条件限制，没有参加班级组织的付费补习班。当他向物理老师请教问题时，老师敷衍地回答""这个在补习班已经讲过了""，拒绝提供额外解释。这种差别对待使王强感到被排除在教学资源之外，导致他对未来升学产生了悲观情绪，学习积极性明显下降。 5. 9岁的张小雨有轻度学习障碍，需要更多的时间理解阅读材料。她的语文老师对此缺乏耐心，在张小雨朗读困难时常当着全班同学的面表现出不耐烦，有时甚至直接打断她让其他同学继续。这种公开的忽视和否定使张小雨开始回避阅读相关活动，并在课堂上变得异常安静，害怕引起任何关注。",男性,女性,尽责性人格。高尽责性的人表现为：按时甚至提前完成任务，保持整洁有序环境，遵守时间承诺，列清单按计划行事，按类别整理收纳；思维上重视长期目标胜过即时满足，决定前考虑后果，关注细节准确性，提前规划，设定清晰目标；情感上因拖延混乱不安，完成任务有成就感，对不守时焦虑，重视自控自律，对未完成工作负罪感；人际关系中被视为可靠值得信赖，履行承诺，担任组织者角色，对不负责任行为不满，详细安排活动，准时参加；工作区域井然有序，建立有效系统，按重要性分配时间，坚持完成困难任务，详细记录跟进。低尽责性的人表现为：即兴决定行动，生活工作空间看似杂乱，经常改变计划，按直觉非计划行事，对截止日期灵活，收纳缺乏系统；思维注重当下胜过长期，灵活应对变化，不拘泥细节，轻松改变方向目标，对规则灵活；情感上不因混乱延迟压力，享受即兴意外，对严格计划感束缚，偏好自由开放，在自发活动中愉悦；人际关系中轻松自然，对计划变更开放，不执着时间精确，互动随性，强调自发性；工作中最后期限前突击，风格看似杂乱有自己逻辑，灵活调整方法，适应力强但可能缺乏条理。,神经质人格（Neuroticism）。高神经质的人表现为：日常生活中会反复检查门锁是否关好，对社交场合的着装过度担忧，轻微身体不适就查阅医学网站；思维上常进行灾难性假设，将小问题扩大化，记忆中更易回想负面经历；情绪起伏大，在压力下容易流泪，对噪音或混乱环境反应强烈；人际关系中过度分析他人言行，需要频繁情感安抚，害怕被拒绝；工作中对截止日期极度焦虑，反复检查工作成果，难以在压力下集中注意力。低神经质的人表现为：面对变化保持镇定，不为小事烦恼，能迅速从挫折中恢复；思维积极或中性，专注解决问题而非担忧，对不确定性有较高容忍度；情绪波动小，压力下保持冷静，能控制情绪反应；人际关系中不过度解读他人反应，对批评持开放态度，不需频繁情感确认；工作中能高效完成任务而不焦虑，面对评价保持客观，压力下仍能专注。,"焦虑-专注型依恋。**描述**：这类型的个体对自我持消极看法但对他人持积极看法。他们渴望亲密关系，但常常担心被拒绝或抛弃。由于缺乏自我价值感，他们过度依赖伴侣来获得安全感和自我认同，容易表现出黏人、要求过高和情绪化的行为。
**具体表现**：
1. **过度寻求确认**：频繁需要伴侣确认爱意和承诺。例如，反复询问'你真的爱我吗？'、'我们的关系还好吗？'，即使伴侣刚刚表达过肯定的回答。
2. **关系中的警觉性**：对伴侣行为的细微变化极为敏感，常将中性事件解读为负面信号。比如，伴侣回复消息稍有延迟，就会猜测是否对方不再关心自己，甚至开始构想被抛弃的场景。
3. **情感强化**：在关系中情感反应强烈，尤其是当感到被忽视或不安全时。例如，伴侣临时取消约会可能引发强烈的失落感或愤怒，远超过事件本身的严重程度。
4. **界限模糊**：难以在关系中保持健康的个人界限，倾向于过度融入伴侣的生活。比如，可能会放弃个人爱好和朋友圈，将全部时间和精力投入到关系中，期望伴侣也这样做。
5. **分离焦虑**：当伴侣不在身边时感到极度不安和焦虑。例如，伴侣出差一周，会不断发信息或打电话，需要持续的联系才能缓解焦虑；若联系不上伴侣，可能会立即假设最坏情况（如出轨或失去兴趣）。","恐惧-回避型依恋。**描述**：恐惧-回避型个体对自我和他人都持消极看法。他们既渴望亲密关系以获得安全感，又害怕亲密带来的脆弱和可能的伤害。这种矛盾心理使他们在关系中表现出靠近-远离的模式，很难建立稳定的亲密关系。
**具体表现**：
1. **靠近-远离模式**：在关系中展现矛盾行为，当关系疏远时渴望亲近，当关系亲密时又感到不适并退缩。例如，主动邀请伴侣共度周末后，实际相处时却表现得情绪冷淡或找借口提前结束活动。
2. **自我破坏**：无意识地采取破坏关系的行为，尤其是当关系变得稳定和亲密时。比如，在关系进展顺利时，突然提出无理要求或故意挑起争端，仿佛在测试关系或证实自己'不值得被爱'的信念。
3. **猜疑与不信任**：对伴侣的意图持续怀疑，难以相信对方的真诚关心。例如，当收到伴侣的礼物或赞美时，会怀疑背后有不可告人的动机：'你为什么突然对我这么好？你是不是做了什么对不起我的事？'
4. **情感两极**：情感体验往往在极端间摇摆，从强烈的依恋到突然的疏离。比如，一天内可能从热情黏人迅速转变为冷漠疏远，让伴侣感到困惑和不安。
5. **关系历史模式**：反复经历短暂而强烈的关系，常因无法处理亲密带来的焦虑而终止关系。一个典型模式是：迅速投入一段关系并理想化伴侣，随后发现对方'缺点'并感到失望，最终以'我就知道这不会长久'的心态结束关系，确认了自己对关系失败的预期。"
"普通工薪阶层GeneralWorkingClass。特征: 主要依靠体力劳动或标准化服务技能获取收入，工作稳定性相对较差，收入不高且可能波动。包括大量的一线工人、建筑工人、快递员、外卖员、保安、保洁、普通服务员等。流动性较大，很多是外来务工人员。住房多为租赁、单位宿舍或城中村，福利保障有限，生活压力大。

地理分布: 在大城市数量庞大（常居于城市边缘或成本较低区域），也是中小城市和县镇的主要劳动力来源。

常见职业: 工厂流水线工人、建筑工人（普工、瓦工、钢筋工等）、快递员、外卖员、保安、保洁员、超市收银员/理货员、餐厅服务员、家政服务人员（小时工）、普通货车司机、农忙时进城务工人员。","阶段三：社会比较阶段（9 - 11岁）：主要挑战与困难：
o 对社会等级和比较的认识不断增强：孩子们开始更加敏锐地观察和理解同伴之间的社会地位和等级，并频繁地将自己与他人进行比较，这可能对他们的自尊心产生显著影响。
o 更复杂的友谊动态和同伴影响：友谊不再像早期那样简单直接，而是变得更加复杂，开始出现小团体（cliques）、忠诚度的考验以及更微妙的社会规则。同伴的影响力在此阶段显著增强，孩子们可能会为了获得同伴的认可而改变自己的行为、穿着甚至观点。
o 不断增长的学业期望与学业专长： 随着年级的升高，学校对孩子们的学业期望也随之提高，学习内容更加深入，作业量也可能增加。同时，孩子们开始逐渐发现自己在某些学科领域更擅长或更感兴趣，初步形成学业上的“专长”或偏好。
o 青春期前的身体变化和身体意识：虽然尚未进入青春期的高峰，但孩子们可能会开始经历一些细微的身体变化，例如身高和体重的增长，以及开始注意到同伴之间身体发育的差异。这会引发他们对自身身体的更多关注和意识，并可能产生对自身外貌的担忧或不安。
o 社会身份和归属感的发展：孩子们开始更加努力地寻找自己在社会群体中的位置，并渴望获得归属感。他们可能会通过共同的兴趣爱好、参与相同的活动或遵循特定的群体规范来定义自己的社会身份。
这一阶段的特点是社会认知能力不断提高，能够进行更复杂的社会比较，从而对相对地位、能力和接受程度的意识增强。儿童发展出更复杂的社会理解能力，但缺乏缓冲社会反馈影响的情绪成熟度，容易受到同伴评价和社交焦虑的影响。",核心家庭: 由父母（通常是夫妻）和他们的未婚子女组成。这是传统意义上最常见的家庭结构。可能的相处模式：父母通常是孩子的主要抚养者和教育者，亲子互动频繁且直接。父母对孩子的生活、学习和情感发展有全面的影响。相处模式可能因父母的教养方式而异，例如权威型、放任型、溺爱型等。,威权主义教养方式。维度特征： 低回应性 (Low Responsiveness) + 高要求性 (High Demandingness)详细描述：专制型父母要求严格，控制欲强，期望孩子无条件服从，常使用“因为我说了算”来回应孩子的疑问。规则通常非常严格且不加解释，几乎没有协商、妥协或孩子表达意见的空间。沟通往往是单向的，从父母到孩子，孩子通常不被鼓励表达自己的想法、感受或质疑父母的权威。当规则被打破时，专制型父母倾向于采取严厉的惩罚，有时甚至包括体罚。他们可能表现出较少的关爱和温暖，更倾向于批评，并对孩子施加高甚至不切实际的期望。关键特征总结： 严厉、苛求、缺乏温暖、期望服从、单向沟通、惩罚为主。示例 (Examples)：场景：孩子考试成绩不理想。专制型父母的反应： 父母可能会严厉斥责孩子（“你怎么这么笨！才考这么点分？”），进行横向比较（“你看隔壁家小明，每次都比你强！”），并施加惩罚（如禁止看电视一个月），要求下次必须达到某个高分数，但很少提供具体的帮助或情感支持。解释： 体现了高要求性（对分数的高期望、惩罚）和低回应性（斥责、缺乏共情和支持）。场景：十几岁的孩子想参加周末的朋友聚会。专制型父母的反应： 父母可能会直接拒绝（“不行！那种场合都是坏孩子才去的！”）或者设定极其严格且不容置疑的条件（“要去可以，晚上8点必须到家，多一分钟都不行！”），并且不允许孩子争辩或解释。解释： 体现了高要求性（严格控制、绝对权威）和低回应性（不考虑孩子感受、不沟通理由）。场景：孩子因为玩具和小伙伴发生争执并推了对方。专制型父母的反应： 父母可能会当众严厉批评甚至打骂孩子（“你再敢推人试试！看我不打你！”），命令孩子立刻道歉（无论孩子是否理解或愿意），关注点在于立刻制止行为和维护“面子”，而非教导。解释： 体现了高要求性（强制服从、严厉惩罚）和低回应性（忽视孩子情绪、缺乏教导和解释）。场景：分配家庭责任（家务）。专制型父母的反应： 父母直接命令孩子必须做哪些家务，规定严格的时间表（“每周六早上必须把你的房间打扫干净，9点我来检查！”）。如果孩子未能完成或做得不好，会受到批评或惩罚，没有商量余地。解释： 体现了高要求性（强制命令、严格标准）和低回应性（无视孩子意愿、缺乏解释和灵活性）。场景：孩子表达与父母不同的意见或选择（例如想学的专业）。专制型父母的反应： 父母可能会驳回孩子的想法（“小孩子懂什么？就得学我们给你选的这个！”），强调父母的权威和经验，不给孩子解释自己想法的机会，甚至可能威胁如果不听从安排就会有负面后果。解释： 体现了高要求性（强加意愿、控制选择）和低回应性（否定孩子观点、缺乏尊重和沟通）。,"睡眠感缺失 睡眠感缺失（Sleep misperception）是指个体对自己睡眠状态的主观感受与客观生理测量结果存在显著差异的现象。儿童和青少年可能感觉自己根本没有睡着或睡眠时间很少，而实际上他们已经获得了相当数量的睡眠。这种状况常见于失眠障碍患者中，他们往往低估自己的实际睡眠时间或质量，高估入睡所需时间，导致对睡眠的焦虑感增加。在3-18岁的成长阶段，睡眠感缺失可能与学业压力、电子设备使用、情绪调节困难或其他心理健康问题相关，并可能对儿童和青少年的学习能力、情绪稳定性和整体发展产生负面影响。 </definition> <examples> 1. 小明是一名14岁的初中生，每天晚上他躺在床上感觉自己""整晚都醒着""，经常告诉父母自己""一夜没睡""。然而，父母夜间查看时发现他确实在睡觉，有时甚至会打鼾。学校老师注意到他上课无精打采，经常抱怨疲劳，尽管实际上他每晚睡眠时间达到7-8小时。这种对自己睡眠状态的错误感知导致小明产生了对睡眠的焦虑，形成恶性循环。 2. 10岁的小丽经常在睡前担心自己会睡不着。她使用了一款睡眠监测手环后更加焦虑，因为她感觉自己""几乎整晚都在清醒状态""，但手环数据显示她实际睡眠时间接近9小时。每天早上醒来，她都感到疲惫不堪，坚信自己""只睡了一两个小时""。这种睡眠感知扭曲影响了她的情绪和日间表现，父母带她进行了睡眠监测检查，确认她的客观睡眠参数正常，但主观感受严重扭曲。 3. 17岁的阿强是一名高中生，面临高考压力。他开始出现睡眠问题，每晚躺在床上觉得自己""一直在思考，没有真正入睡""。他告诉学校心理咨询师自己""可能只睡了2-3小时""，但家人观察到他实际上睡眠时间在6小时左右。阿强对自己睡眠状态的错误判断加剧了他的焦虑和学习压力，导致注意力不集中、记忆力下降，形成了学业表现与睡眠焦虑的恶性循环。 4. 5岁的淘淘晚上入睡后经常在半夜醒来并哭闹，坚持说自己""一直没睡着""。幼儿园老师反映他白天常打瞌睡且情绪易怒。父母通过婴儿监视器观察发现，淘淘实际上睡了大约10小时，只是有短暂醒来的时刻，但他主观上却将这些清醒片段连接起来，形成了""整晚没睡""的错误认知。儿童心理医生解释这可能与分离焦虑和对睡眠状态感知能力尚未发展成熟有关。",女性,女性,开放性人格。高开放性的人表现为：喜读各类书籍，尝试不同文化餐厅，听多种音乐流派，探索非旅游区，经常尝试新爱好；思维上喜欢抽象概念，发现不同事物联系，对哲学理论感兴趣，挑战传统观念；情感上对美感反应强烈，被艺术作品感动，情感体验丰富多样，能识别表达复杂情绪；人际关系中欣赏不同背景朋友，对新观点开放，愿讨论争议话题，包容他人不寻常选择；工作中在创意领域突出，提出非传统解决方案，跨学科学习，对学习新技能热情。低开放性的人表现为：喜欢熟悉环境和例行公事，食物偏好固定，欣赏传统艺术，度假去相同地点，长期保持相同爱好；思维关注具体非抽象，偏好明确事实和现实问题，重视实用性可靠性，喜欢清晰答案；情感表达直接明了，对艺术反应克制，情绪体验简单明确，熟悉事物感舒适；人际关系中倾向与相似背景人交往，偏好实际话题，避免争议讨论，与价值观相似人相处更舒适；工作中擅长遵循既定程序，结构化环境表现出色，重视实用技能和可靠性。,宜人性人格。高宜人性的人表现为：主动为陌生人开门，繁忙时让路给他人，经常询问别人需要帮助，记住重要日期，送小礼物表达感谢；思维上先考虑决定对他人影响，相信他人善意，将冲突视为需解决问题，关注团队和谐；情感上易感同情怜悯，对他人痛苦敏感，不喜欢冲突争论，因帮助他人而快乐；人际关系中擅长倾听支持，寻求妥协共识，愿意原谅过错，调和矛盾，避免直接批评；工作中是优秀团队成员，分享资源知识，认可他人贡献，为团队利益妥协。低宜人性的人表现为：谈判中坚持立场，质疑他人动机，优先考虑自身需求，直言不讳表达不满，不为迎合改变观点；思维以批判视角看待事物，保持怀疑，重视真实胜于礼貌，关注事实胜于感受，重视公平胜于和谐；情感上不易被情绪说服，愿表达不满和愤怒，在冲突中情绪稳定，情感表达直接不修饰；人际关系中讨论占主导，直言不讳，为原则坚持立场，不易被影响，重视独立性超过关系和谐；工作中竞争环境表现出色，擅长批判分析，对质量高标准，直接指出问题，注重结果胜过人际。,"焦虑-专注型依恋。**描述**：这类型的个体对自我持消极看法但对他人持积极看法。他们渴望亲密关系，但常常担心被拒绝或抛弃。由于缺乏自我价值感，他们过度依赖伴侣来获得安全感和自我认同，容易表现出黏人、要求过高和情绪化的行为。
**具体表现**：
1. **过度寻求确认**：频繁需要伴侣确认爱意和承诺。例如，反复询问'你真的爱我吗？'、'我们的关系还好吗？'，即使伴侣刚刚表达过肯定的回答。
2. **关系中的警觉性**：对伴侣行为的细微变化极为敏感，常将中性事件解读为负面信号。比如，伴侣回复消息稍有延迟，就会猜测是否对方不再关心自己，甚至开始构想被抛弃的场景。
3. **情感强化**：在关系中情感反应强烈，尤其是当感到被忽视或不安全时。例如，伴侣临时取消约会可能引发强烈的失落感或愤怒，远超过事件本身的严重程度。
4. **界限模糊**：难以在关系中保持健康的个人界限，倾向于过度融入伴侣的生活。比如，可能会放弃个人爱好和朋友圈，将全部时间和精力投入到关系中，期望伴侣也这样做。
5. **分离焦虑**：当伴侣不在身边时感到极度不安和焦虑。例如，伴侣出差一周，会不断发信息或打电话，需要持续的联系才能缓解焦虑；若联系不上伴侣，可能会立即假设最坏情况（如出轨或失去兴趣）。","安全型依恋。**描述**：安全型依恋的个体对自我和他人都持积极看法，能够在亲密关系中保持健康的平衡。他们相信自己值得被爱，也相信他人是可靠的。这类人能够建立信任、亲密和相互依赖的健康关系，既能享受亲密也能保持自主性。
**具体表现**：
1. **情感沟通**：能够坦诚表达自己的情感需求，同时也能理解并回应伴侣的需求。例如，当感到不安时，会直接与伴侣沟通：'我今天工作压力很大，需要一些支持'，而不是隐藏情绪或期待对方猜测。
2. **独立与亲密平衡**：既能享受与伴侣的亲密时光，也能独立追求个人兴趣和社交活动。比如，周末可能会安排与伴侣共度时光，也会保持自己的朋友圈和兴趣爱好，不会因为恋爱而完全放弃个人空间。
3. **冲突解决**：面对关系中的分歧和冲突，能够平静讨论，寻求双方都能接受的解决方案。例如，当对家务分工有不同意见时，不会爆发激烈争吵或逃避讨论，而是愿意坐下来商讨合理的安排。
4. **分离应对**：当伴侣需要短期分离（如出差、旅行）时，虽然会想念但不会过度焦虑或担忧关系会因此受损。能够使用健康的方式（如电话交流）保持联系，同时也能专注于自己的日常生活。
5. **支持与成长**：在关系中既能给予支持也能接受支持，并鼓励伴侣的个人发展。例如，当伴侣面临职业机会需要异地工作时，会共同讨论如何平衡关系和个人发展，而不是出于依恋焦虑阻碍对方成长。"
"中产阶层 (Middle Class)。特征: 中国社会的中坚力量，范围最广。拥有相对稳定的工作和收入，通常拥有自有住房（可能背负房贷）。包括大多数白领、技术人员、公务员、教师、医生、中小企业主、经营状况良好的个体工商户等。非常关注子女教育、医疗、养老，生活有一定压力但具备一定的消费能力和抗风险能力。

地理分布: 广泛分布于全国各级城市，是一二三线城市人口的主体。

常见职业: 普通企业管理者（部门经理、主管）、工程师、程序员、大多数医生、中小学教师、普通公务员、事业单位职员、律师（非合伙人）、记者编辑、设计师、技术人员、经营状况良好的个体工商户/小型企业主、经验丰富的白领职员。","阶段一：早期社会情感适应期 (3-5岁)：主要挑战与困难： 
o 分离焦虑： 离开主要照顾者（通常是父母）进入幼儿园等新环境时，可能出现焦虑和不安全感。
o 情绪调节： 学习识别和管理自己的情绪，如愤怒、悲伤和恐惧，常常表现为哭闹、发脾气等。
o 社交技能发展初期： 学习分享、轮流、合作等基本的社交规则，容易发生冲突。
o 语言表达能力有限： 难以清晰表达自己的需求和感受，导致挫败感。
o 初步的规则意识： 学习理解和遵守简单的规则，但常常会挑战界限。
o 此阶段儿童对主要照顾者形成强烈的依恋，分离会引发依恋系统的激活，产生焦虑。
o 处于“自主行动对内疚感”阶段，面临发展自主性的挑战，若受挫则可能产生内疚感。
o 处于前运算阶段，思维具有自我中心性，难以理解他人的观点，导致社交冲突。
o 此阶段的核心挑战在于适应新的社会环境，学习基本的社会规则和情绪管理，为未来的社会交往打下基础。分离焦虑和情绪调节是这一阶段最突出的个体挑战。",主干家庭: 包含两代或两代以上的已婚夫妇，每一代最多只有一对夫妇，且中间没有断代。例如：父母和已婚的儿子/女儿及其配偶和孩子。可能的相处模式：孩子可能与父母和祖父母都有密切的互动。祖父母可能参与到孩子的养育中，提供额外的关爱和支持。父母可能在育儿方面受到祖父母的影响。孩子有机会接触到不同的生活经验和价值观。,"权威型教养方式。维度特征： 高回应性 (High Responsiveness) + 高要求性 (High Demandingness)

详细描述：
权威型父母在温暖、支持与设定清晰界限、提出合理期望之间取得了平衡。他们对孩子充满关爱、支持，并能敏锐地回应孩子的需求。他们会设定明确的规则和行为期望，但关键在于，他们会向孩子解释这些规则背后的原因，促进孩子对规则和价值观的理解与内化。权威型父母鼓励开放的双向沟通，倾听孩子的观点，并在适龄的情况下让孩子参与设定目标和期望的过程。在纪律方面，他们采用支持性和一致性的方法，侧重于教导和指导，而非严厉惩罚，将违规行为视为学习和成长的机会。这种风格积极促进孩子的独立性、自主性和自我调节能力的发展。

关键特征总结： 平衡、支持、设限、解释规则、双向沟通、促进自主。

示例 (Examples)：

场景：孩子考试成绩不理想，感到沮丧。

权威型父母的反应： 父母首先会安慰孩子，认可他的失落感（“我知道你现在感觉很糟糕，没达到预期确实让人失望”），然后会和孩子一起坐下来，了解成绩不佳的原因（“我们一起看看这次错在哪里了？是没复习好，还是题目太难了？”），最后共同制定改进计划（“下次我们可以提前开始复习，或者针对这个难点多做些练习，你觉得呢？”）。

解释： 体现了高回应性（共情、倾听、支持）和高要求性（关注学业表现、寻求改进、设定未来努力方向）。

场景：十几岁的孩子想参加周末的朋友聚会，但聚会结束时间较晚。

权威型父母的反应： 父母会认真听取孩子的请求，了解聚会的细节（地点、参与人员、是否有成人监护等）。他们会表达自己的担忧（比如安全问题），但也会和孩子商量一个双方都能接受的解决方案，比如设定一个明确的回家时间、保持联系的方式，并解释设定这些规矩是为了孩子的安全。

解释： 体现了高要求性（设定界限和规则）和高回应性（尊重孩子的社交需求、沟通协商、解释规则原因）。

场景：孩子因为玩具和小伙伴发生争执并推了对方。

权威型父母的反应： 父母会立即制止不当行为，然后将孩子带到一边，帮助他冷静下来。之后，会引导孩子思考自己的行为（“推人是不对的，想想看，对方会是什么感觉？”），解释为什么这种行为不可接受，并鼓励孩子向对方道歉，同时一起探讨下次遇到类似情况如何更好地处理（比如轮流玩或寻求大人帮助）。

解释： 体现了高要求性（明确行为界限、执行纪律）和高回应性（关注孩子情绪、教导替代行为、解释后果）。

场景：分配家庭责任（家务）。

权威型父母的反应： 父母会向孩子解释为什么每个人都需要为家庭做贡献，然后根据孩子的年龄和能力，和孩子一起讨论他可以承担哪些家务。可能会给孩子一定的选择权（比如选择拖地还是整理房间），并明确完成时间和标准，对孩子的努力给予肯定和表扬。

解释： 体现了高要求性（设定家务责任和标准）和高回应性（解释原因、给予选择、鼓励参与）。

场景：孩子对学习某项新技能（如乐器）表现出犹豫或畏难情绪。

权威型父母的反应： 父母会鼓励孩子尝试，认可学习过程中的困难（“我知道这很难，刚开始都不容易”），提供必要的支持（寻找合适的老师、陪伴练习），设定合理的短期目标，并庆祝小的进步，同时也会和孩子沟通期望，强调坚持的重要性。

解释： 体现了高回应性（理解、支持、鼓励）和高要求性（设定目标、强调坚持、提出期望）。","父母心理健康问题（情绪不稳定、行为偏差） 父母心理健康问题是指父母出现持续或反复的情绪不稳定和行为偏差状况，如抑郁、焦虑、情绪波动剧烈、冲动控制困难、易怒或物质滥用等。这些问题会直接影响父母的养育能力和亲子互动质量，进而对子女的心理发展产生显著影响。儿童和青少年（3-18岁）对父母情绪和行为的变化特别敏感，父母的心理健康问题可能导致他们感到不安全、焦虑或困惑，并可能影响其自身情绪调节能力、社交发展以及学业表现。严重情况下，父母的心理健康问题可能导致不当养育方式或家庭功能障碍，增加子女发展心理问题的风险。 </definition> <examples> 1. 六岁的小明的妈妈患有抑郁症，经常情绪低落，缺乏精力照顾家庭。小明开始表现出明显的分离焦虑，上幼儿园时哭闹不止，害怕妈妈会在他不在家时""消失""。他变得更加敏感和黏人，经常询问妈妈""你为什么总是不开心""，并试图通过逗妈妈笑来""修复""妈妈的情绪。在幼儿园，小明的教师注意到他经常显得心不在焉，与同龄人互动减少。 2. 十二岁的丽丽的父亲有酒精依赖问题，情绪波动大且易怒。丽丽已经学会了通过观察父亲的面部表情和肢体语言来预判他的情绪变化。当父亲在家时，她会刻意保持安静，避免引起任何冲突。丽丽在学校表现为过度成熟和完美主义倾向，总是试图控制一切以获得稳定感。她几乎不邀请朋友到家里玩，因为害怕父亲突然发怒。丽丽的老师注意到她经常看起来疲惫，有时会在课堂上走神。 3. 十六岁的阳阳的父母都有严重的情绪管理问题，家中经常爆发激烈争吵。父母会在阳阳面前互相指责，有时甚至把怒气转向阳阳。面对这种不稳定的家庭环境，阳阳开始出现明显的情绪和行为问题：他在学校变得易怒且好斗，学业成绩显著下滑，开始逃课和结交有问题行为的朋友。他回家时间越来越晚，与父母的沟通几乎完全中断。学校心理咨询师发现阳阳对未来感到绝望，并表现出明显的抑郁症状。 4. 四岁的琳琳的妈妈有严重的焦虑障碍，对各种可能的危险过度担忧。妈妈不允许琳琳参与幼儿园的户外活动，担心她会受伤；不让她与其他孩子自由玩耍，害怕她会被欺负或感染疾病。琳琳开始内化妈妈的恐惧，变得胆小并对新环境极度不安。她比同龄人表现出更强的依赖性，缺乏探索新事物的兴趣和勇气。幼儿园老师注意到琳琳在集体活动中常常站在一旁观望，很少主动参与，且经常因为妈妈描述的""可怕情景""而产生莫名恐惧。",男性,女性,外倾性人格。高外倾性的人表现为：日常主动联系朋友，喜欢在嘈杂环境工作，参加多个社交圈活动，长时间独处会感无聊；思维上喜欢边说边思考，通过讨论澄清想法，乐观看待事物；情绪外露丰富，笑声爽朗，社交场合情绪高涨，在群体中更易快乐；人际关系广泛，易建立新关系，常担任发言人，活跃于社交媒体；工作中喜欢小组合作，主动参与讨论，擅长演讲，寻求即时反馈。低外倾性的人表现为：偏好一对一交流，需要独处时间充电，熟悉环境中更放松，派对中可能待在角落观察；思维上先内部思考再表达，通过阅读写作整理想法，注意力易转向内心世界；情绪内敛但不一定强度低，选择性分享情感，需要时间处理强烈情绪；人际关系少但深厚，倾向一对一深入交流，更喜欢文字沟通；工作中独立效率高，安静环境更专注，发言深思熟虑，通过观察和阅读学习。,外倾性人格。高外倾性的人表现为：日常主动联系朋友，喜欢在嘈杂环境工作，参加多个社交圈活动，长时间独处会感无聊；思维上喜欢边说边思考，通过讨论澄清想法，乐观看待事物；情绪外露丰富，笑声爽朗，社交场合情绪高涨，在群体中更易快乐；人际关系广泛，易建立新关系，常担任发言人，活跃于社交媒体；工作中喜欢小组合作，主动参与讨论，擅长演讲，寻求即时反馈。低外倾性的人表现为：偏好一对一交流，需要独处时间充电，熟悉环境中更放松，派对中可能待在角落观察；思维上先内部思考再表达，通过阅读写作整理想法，注意力易转向内心世界；情绪内敛但不一定强度低，选择性分享情感，需要时间处理强烈情绪；人际关系少但深厚，倾向一对一深入交流，更喜欢文字沟通；工作中独立效率高，安静环境更专注，发言深思熟虑，通过观察和阅读学习。,"安全型依恋。**描述**：安全型依恋的个体对自我和他人都持积极看法，能够在亲密关系中保持健康的平衡。他们相信自己值得被爱，也相信他人是可靠的。这类人能够建立信任、亲密和相互依赖的健康关系，既能享受亲密也能保持自主性。
**具体表现**：
1. **情感沟通**：能够坦诚表达自己的情感需求，同时也能理解并回应伴侣的需求。例如，当感到不安时，会直接与伴侣沟通：'我今天工作压力很大，需要一些支持'，而不是隐藏情绪或期待对方猜测。
2. **独立与亲密平衡**：既能享受与伴侣的亲密时光，也能独立追求个人兴趣和社交活动。比如，周末可能会安排与伴侣共度时光，也会保持自己的朋友圈和兴趣爱好，不会因为恋爱而完全放弃个人空间。
3. **冲突解决**：面对关系中的分歧和冲突，能够平静讨论，寻求双方都能接受的解决方案。例如，当对家务分工有不同意见时，不会爆发激烈争吵或逃避讨论，而是愿意坐下来商讨合理的安排。
4. **分离应对**：当伴侣需要短期分离（如出差、旅行）时，虽然会想念但不会过度焦虑或担忧关系会因此受损。能够使用健康的方式（如电话交流）保持联系，同时也能专注于自己的日常生活。
5. **支持与成长**：在关系中既能给予支持也能接受支持，并鼓励伴侣的个人发展。例如，当伴侣面临职业机会需要异地工作时，会共同讨论如何平衡关系和个人发展，而不是出于依恋焦虑阻碍对方成长。","安全型依恋。**描述**：安全型依恋的个体对自我和他人都持积极看法，能够在亲密关系中保持健康的平衡。他们相信自己值得被爱，也相信他人是可靠的。这类人能够建立信任、亲密和相互依赖的健康关系，既能享受亲密也能保持自主性。
**具体表现**：
1. **情感沟通**：能够坦诚表达自己的情感需求，同时也能理解并回应伴侣的需求。例如，当感到不安时，会直接与伴侣沟通：'我今天工作压力很大，需要一些支持'，而不是隐藏情绪或期待对方猜测。
2. **独立与亲密平衡**：既能享受与伴侣的亲密时光，也能独立追求个人兴趣和社交活动。比如，周末可能会安排与伴侣共度时光，也会保持自己的朋友圈和兴趣爱好，不会因为恋爱而完全放弃个人空间。
3. **冲突解决**：面对关系中的分歧和冲突，能够平静讨论，寻求双方都能接受的解决方案。例如，当对家务分工有不同意见时，不会爆发激烈争吵或逃避讨论，而是愿意坐下来商讨合理的安排。
4. **分离应对**：当伴侣需要短期分离（如出差、旅行）时，虽然会想念但不会过度焦虑或担忧关系会因此受损。能够使用健康的方式（如电话交流）保持联系，同时也能专注于自己的日常生活。
5. **支持与成长**：在关系中既能给予支持也能接受支持，并鼓励伴侣的个人发展。例如，当伴侣面临职业机会需要异地工作时，会共同讨论如何平衡关系和个人发展，而不是出于依恋焦虑阻碍对方成长。"
"中产阶层 (Middle Class)。特征: 中国社会的中坚力量，范围最广。拥有相对稳定的工作和收入，通常拥有自有住房（可能背负房贷）。包括大多数白领、技术人员、公务员、教师、医生、中小企业主、经营状况良好的个体工商户等。非常关注子女教育、医疗、养老，生活有一定压力但具备一定的消费能力和抗风险能力。

地理分布: 广泛分布于全国各级城市，是一二三线城市人口的主体。

常见职业: 普通企业管理者（部门经理、主管）、工程师、程序员、大多数医生、中小学教师、普通公务员、事业单位职员、律师（非合伙人）、记者编辑、设计师、技术人员、经营状况良好的个体工商户/小型企业主、经验丰富的白领职员。","阶段一：早期社会情感适应期 (3-5岁)：主要挑战与困难： 
o 分离焦虑： 离开主要照顾者（通常是父母）进入幼儿园等新环境时，可能出现焦虑和不安全感。
o 情绪调节： 学习识别和管理自己的情绪，如愤怒、悲伤和恐惧，常常表现为哭闹、发脾气等。
o 社交技能发展初期： 学习分享、轮流、合作等基本的社交规则，容易发生冲突。
o 语言表达能力有限： 难以清晰表达自己的需求和感受，导致挫败感。
o 初步的规则意识： 学习理解和遵守简单的规则，但常常会挑战界限。
o 此阶段儿童对主要照顾者形成强烈的依恋，分离会引发依恋系统的激活，产生焦虑。
o 处于“自主行动对内疚感”阶段，面临发展自主性的挑战，若受挫则可能产生内疚感。
o 处于前运算阶段，思维具有自我中心性，难以理解他人的观点，导致社交冲突。
o 此阶段的核心挑战在于适应新的社会环境，学习基本的社会规则和情绪管理，为未来的社会交往打下基础。分离焦虑和情绪调节是这一阶段最突出的个体挑战。",核心家庭: 由父母（通常是夫妻）和他们的未婚子女组成。这是传统意义上最常见的家庭结构。可能的相处模式：父母通常是孩子的主要抚养者和教育者，亲子互动频繁且直接。父母对孩子的生活、学习和情感发展有全面的影响。相处模式可能因父母的教养方式而异，例如权威型、放任型、溺爱型等。,"放任型教养方式。维度特征： 高回应性 (High Responsiveness) + 低要求性 (Low Demandingness)

详细描述：
纵容型父母通常非常温暖、有爱，但过于宽容，常常把自己定位为孩子的朋友而非权威人物。他们很少设定规则或期望，即使设定了，纪律执行也往往不频繁、不一致。这些父母可能很难对孩子说“不”，为了维持和谐而避免对抗。因此，在这种教养方式下长大的孩子通常拥有很大的自由度和自主权，有时甚至超出了他们年龄应有的范围。

关键特征总结： 纵容、宽松、少规则、避免冲突、像朋友。

示例 (Examples)：

场景：孩子很晚才从外面玩耍回家，远超约定时间。

纵容型父母的反应： 父母可能会稍微念叨几句（“哎呀，怎么这么晚才回来？”），但很快就作罢，甚至可能还关切地问孩子玩得开不开心，而没有实施任何后果或强调遵守约定的重要性。

解释： 体现了低要求性（不执行规则、无后果）和高回应性（避免冲突、关注孩子感受）。

场景：孩子在超市里哭闹着要买一个昂贵的玩具。

纵容型父母的反应： 父母一开始可能试图安抚，但如果孩子坚持哭闹，为了尽快平息场面或不想让孩子不开心，最终很可能会妥协买下玩具，即使这超出了预算或孩子并不真的需要。

解释： 体现了高回应性（对孩子的要求敏感、希望孩子快乐）和低要求性（难以拒绝、缺乏界限）。

场景：孩子不做作业，而是长时间看电视或玩游戏。

纵容型父母的反应： 父母可能会提醒一两句，但如果孩子不听，他们往往不会坚持，也不会强制执行学习时间或限制娱乐时间。他们可能认为孩子“自己会懂事的”或者不想因此和孩子闹不愉快。

解释： 体现了低要求性（缺乏对学业的结构化要求和监督）和（某种程度上的）高回应性（避免冲突、给予孩子“自由”）。

场景：孩子对长辈说话没礼貌。

纵容型父母的反应： 父母可能会觉得尴尬，但很少会直接纠正孩子的行为，或者只是轻描淡写地说一句“别这样说话”，但没有后续的教导或后果。他们可能认为孩子还小，或者觉得严格要求会压抑孩子的个性。

解释： 体现了低要求性（缺乏行为规范的教导和执行）和高回应性（害怕孩子不快或认为这是孩子“天性”）。

场景：孩子房间非常杂乱，拒绝整理。

纵容型父母的反应： 父母可能会抱怨几句，但最终很可能自己动手帮孩子整理，或者干脆听之任之，认为这是孩子的“私人空间”。他们不会坚持让孩子承担整理自己空间的责任。

解释： 体现了低要求性（不设定和执行整洁的期望）和高回应性（包办代替以避免冲突或让孩子承担责任）。","失眠 失眠是指儿童或青少年在入睡、保持睡眠或获得高质量睡眠方面的持续困难。这种睡眠障碍可能表现为难以入睡（睡前担忧或焦虑）、频繁夜醒、醒得过早或睡眠质量差（即使睡眠时间充足也感到疲倦）。在3-18岁年龄段，失眠可能与发育阶段、学业压力、家庭环境变化、电子设备使用、情绪问题或不良睡眠习惯有关。持续的失眠会影响孩子的情绪调节、学习能力、注意力、行为表现和整体健康。 </definition> <examples> 1. 8岁的小明最近开始在睡前表现出明显的焦虑。他会找各种理由拖延上床时间，如要喝水、上厕所或再看一会书。一旦躺在床上，他会辗转反侧长达一小时，经常向父母抱怨""我睡不着""。第二天早上，他起床困难，在学校频繁打哈欠，老师注意到他上课注意力不集中，午饭时间也显得特别疲惫。 2. 14岁的小芳在期末考试前两周开始出现睡眠问题。尽管她按时上床（晚上10点），但她会躺在床上担忧考试成绩，反复检查手机上的学习笔记。当她终于入睡后，经常在凌晨2-3点惊醒，之后便难以再次入睡。这种情况导致她白天疲惫不堪，情绪波动大，对家人发脾气，且学习效率明显下降。 3. 5岁的小强在父母离婚后开始出现睡眠障碍。他害怕一个人睡觉，需要父母陪伴才能入睡，即使入睡后也会在夜间醒来3-4次，哭泣并呼叫父母。他经常做噩梦，声称""有怪物""，并在次日早晨表现得特别黏人和易怒。幼儿园老师反映他在午休时间也无法安静入睡，影响了他的日常活动参与。 4. 16岁的小雯喜欢熬夜刷社交媒体和看视频，通常凌晨1点才关灯。然而，由于长期的光屏幕暴露和不规律的作息，即使关灯后她也需要1-2小时才能入睡。周末她会睡到中午，导致生物钟严重混乱。学校日她必须早起，但因睡眠不足，常感到头痛、注意力不集中，且情绪低落，甚至开始逃课以便在家补觉。",女性,女性,尽责性人格。高尽责性的人表现为：按时甚至提前完成任务，保持整洁有序环境，遵守时间承诺，列清单按计划行事，按类别整理收纳；思维上重视长期目标胜过即时满足，决定前考虑后果，关注细节准确性，提前规划，设定清晰目标；情感上因拖延混乱不安，完成任务有成就感，对不守时焦虑，重视自控自律，对未完成工作负罪感；人际关系中被视为可靠值得信赖，履行承诺，担任组织者角色，对不负责任行为不满，详细安排活动，准时参加；工作区域井然有序，建立有效系统，按重要性分配时间，坚持完成困难任务，详细记录跟进。低尽责性的人表现为：即兴决定行动，生活工作空间看似杂乱，经常改变计划，按直觉非计划行事，对截止日期灵活，收纳缺乏系统；思维注重当下胜过长期，灵活应对变化，不拘泥细节，轻松改变方向目标，对规则灵活；情感上不因混乱延迟压力，享受即兴意外，对严格计划感束缚，偏好自由开放，在自发活动中愉悦；人际关系中轻松自然，对计划变更开放，不执着时间精确，互动随性，强调自发性；工作中最后期限前突击，风格看似杂乱有自己逻辑，灵活调整方法，适应力强但可能缺乏条理。,神经质人格（Neuroticism）。高神经质的人表现为：日常生活中会反复检查门锁是否关好，对社交场合的着装过度担忧，轻微身体不适就查阅医学网站；思维上常进行灾难性假设，将小问题扩大化，记忆中更易回想负面经历；情绪起伏大，在压力下容易流泪，对噪音或混乱环境反应强烈；人际关系中过度分析他人言行，需要频繁情感安抚，害怕被拒绝；工作中对截止日期极度焦虑，反复检查工作成果，难以在压力下集中注意力。低神经质的人表现为：面对变化保持镇定，不为小事烦恼，能迅速从挫折中恢复；思维积极或中性，专注解决问题而非担忧，对不确定性有较高容忍度；情绪波动小，压力下保持冷静，能控制情绪反应；人际关系中不过度解读他人反应，对批评持开放态度，不需频繁情感确认；工作中能高效完成任务而不焦虑，面对评价保持客观，压力下仍能专注。,"恐惧-回避型依恋。**描述**：恐惧-回避型个体对自我和他人都持消极看法。他们既渴望亲密关系以获得安全感，又害怕亲密带来的脆弱和可能的伤害。这种矛盾心理使他们在关系中表现出靠近-远离的模式，很难建立稳定的亲密关系。
**具体表现**：
1. **靠近-远离模式**：在关系中展现矛盾行为，当关系疏远时渴望亲近，当关系亲密时又感到不适并退缩。例如，主动邀请伴侣共度周末后，实际相处时却表现得情绪冷淡或找借口提前结束活动。
2. **自我破坏**：无意识地采取破坏关系的行为，尤其是当关系变得稳定和亲密时。比如，在关系进展顺利时，突然提出无理要求或故意挑起争端，仿佛在测试关系或证实自己'不值得被爱'的信念。
3. **猜疑与不信任**：对伴侣的意图持续怀疑，难以相信对方的真诚关心。例如，当收到伴侣的礼物或赞美时，会怀疑背后有不可告人的动机：'你为什么突然对我这么好？你是不是做了什么对不起我的事？'
4. **情感两极**：情感体验往往在极端间摇摆，从强烈的依恋到突然的疏离。比如，一天内可能从热情黏人迅速转变为冷漠疏远，让伴侣感到困惑和不安。
5. **关系历史模式**：反复经历短暂而强烈的关系，常因无法处理亲密带来的焦虑而终止关系。一个典型模式是：迅速投入一段关系并理想化伴侣，随后发现对方'缺点'并感到失望，最终以'我就知道这不会长久'的心态结束关系，确认了自己对关系失败的预期。","焦虑-专注型依恋。**描述**：这类型的个体对自我持消极看法但对他人持积极看法。他们渴望亲密关系，但常常担心被拒绝或抛弃。由于缺乏自我价值感，他们过度依赖伴侣来获得安全感和自我认同，容易表现出黏人、要求过高和情绪化的行为。
**具体表现**：
1. **过度寻求确认**：频繁需要伴侣确认爱意和承诺。例如，反复询问'你真的爱我吗？'、'我们的关系还好吗？'，即使伴侣刚刚表达过肯定的回答。
2. **关系中的警觉性**：对伴侣行为的细微变化极为敏感，常将中性事件解读为负面信号。比如，伴侣回复消息稍有延迟，就会猜测是否对方不再关心自己，甚至开始构想被抛弃的场景。
3. **情感强化**：在关系中情感反应强烈，尤其是当感到被忽视或不安全时。例如，伴侣临时取消约会可能引发强烈的失落感或愤怒，远超过事件本身的严重程度。
4. **界限模糊**：难以在关系中保持健康的个人界限，倾向于过度融入伴侣的生活。比如，可能会放弃个人爱好和朋友圈，将全部时间和精力投入到关系中，期望伴侣也这样做。
5. **分离焦虑**：当伴侣不在身边时感到极度不安和焦虑。例如，伴侣出差一周，会不断发信息或打电话，需要持续的联系才能缓解焦虑；若联系不上伴侣，可能会立即假设最坏情况（如出轨或失去兴趣）。"
"赤贫 / 底层阶层(Underclass / Deep Poverty)。特征: 长期处于极端贫困状态，缺乏基本生活来源和劳动能力，主要或完全依赖社会救济（低保等）生存。通常面临多重困境，如年老、疾病、残疾、缺乏劳动能力、缺乏社会支持网络等。社会流动机会极其渺茫。

地理分布: 可能分散在全国各地，包括偏远贫困山区、城市中缺乏劳动能力的困难户等。

常见职业/身份: 基本无稳定职业，多为因年老、疾病、残疾等原因丧失劳动能力者；长期失业且无足够社会支持者；完全依赖低保、五保供养、子女/亲属有限赡养或社会救助的群体。","阶段六：青春期晚期：成年过渡与责任承担 (17-18岁)：主要挑战与困难： 
o 成年责任： 面临即将步入成年，需要承担更多责任和义务的压力。
o 学业或职业选择： 需要做出重要的学业或职业选择，可能面临选择困难和对未来的不确定感。
o 人际关系成熟： 发展更成熟和稳定的亲密关系。
o 经济独立： 开始考虑经济独立的问题。
o 社会融入： 准备融入更广阔的社会，适应成人世界的规则和期望。
发展模式：逐渐从“身份认同对角色混乱”过渡到“亲密关系对孤独感”阶段，开始关注建立亲密的成人关系。形式运算思维成熟，能够进行更复杂的决策和规划。社会对不同年龄阶段应完成的任务有一定期望，青少年可能感受到来自社会时钟的压力。此阶段的核心挑战在于为即将到来的成年生活做准备，承担更多的责任，并做出重要的未来选择。成年责任的压力和未来方向的选择是这一阶段的主要困难。",核心家庭: 由父母（通常是夫妻）和他们的未婚子女组成。这是传统意义上最常见的家庭结构。可能的相处模式：父母通常是孩子的主要抚养者和教育者，亲子互动频繁且直接。父母对孩子的生活、学习和情感发展有全面的影响。相处模式可能因父母的教养方式而异，例如权威型、放任型、溺爱型等。,"权威型教养方式。维度特征： 高回应性 (High Responsiveness) + 高要求性 (High Demandingness)

详细描述：
权威型父母在温暖、支持与设定清晰界限、提出合理期望之间取得了平衡。他们对孩子充满关爱、支持，并能敏锐地回应孩子的需求。他们会设定明确的规则和行为期望，但关键在于，他们会向孩子解释这些规则背后的原因，促进孩子对规则和价值观的理解与内化。权威型父母鼓励开放的双向沟通，倾听孩子的观点，并在适龄的情况下让孩子参与设定目标和期望的过程。在纪律方面，他们采用支持性和一致性的方法，侧重于教导和指导，而非严厉惩罚，将违规行为视为学习和成长的机会。这种风格积极促进孩子的独立性、自主性和自我调节能力的发展。

关键特征总结： 平衡、支持、设限、解释规则、双向沟通、促进自主。

示例 (Examples)：

场景：孩子考试成绩不理想，感到沮丧。

权威型父母的反应： 父母首先会安慰孩子，认可他的失落感（“我知道你现在感觉很糟糕，没达到预期确实让人失望”），然后会和孩子一起坐下来，了解成绩不佳的原因（“我们一起看看这次错在哪里了？是没复习好，还是题目太难了？”），最后共同制定改进计划（“下次我们可以提前开始复习，或者针对这个难点多做些练习，你觉得呢？”）。

解释： 体现了高回应性（共情、倾听、支持）和高要求性（关注学业表现、寻求改进、设定未来努力方向）。

场景：十几岁的孩子想参加周末的朋友聚会，但聚会结束时间较晚。

权威型父母的反应： 父母会认真听取孩子的请求，了解聚会的细节（地点、参与人员、是否有成人监护等）。他们会表达自己的担忧（比如安全问题），但也会和孩子商量一个双方都能接受的解决方案，比如设定一个明确的回家时间、保持联系的方式，并解释设定这些规矩是为了孩子的安全。

解释： 体现了高要求性（设定界限和规则）和高回应性（尊重孩子的社交需求、沟通协商、解释规则原因）。

场景：孩子因为玩具和小伙伴发生争执并推了对方。

权威型父母的反应： 父母会立即制止不当行为，然后将孩子带到一边，帮助他冷静下来。之后，会引导孩子思考自己的行为（“推人是不对的，想想看，对方会是什么感觉？”），解释为什么这种行为不可接受，并鼓励孩子向对方道歉，同时一起探讨下次遇到类似情况如何更好地处理（比如轮流玩或寻求大人帮助）。

解释： 体现了高要求性（明确行为界限、执行纪律）和高回应性（关注孩子情绪、教导替代行为、解释后果）。

场景：分配家庭责任（家务）。

权威型父母的反应： 父母会向孩子解释为什么每个人都需要为家庭做贡献，然后根据孩子的年龄和能力，和孩子一起讨论他可以承担哪些家务。可能会给孩子一定的选择权（比如选择拖地还是整理房间），并明确完成时间和标准，对孩子的努力给予肯定和表扬。

解释： 体现了高要求性（设定家务责任和标准）和高回应性（解释原因、给予选择、鼓励参与）。

场景：孩子对学习某项新技能（如乐器）表现出犹豫或畏难情绪。

权威型父母的反应： 父母会鼓励孩子尝试，认可学习过程中的困难（“我知道这很难，刚开始都不容易”），提供必要的支持（寻找合适的老师、陪伴练习），设定合理的短期目标，并庆祝小的进步，同时也会和孩子沟通期望，强调坚持的重要性。

解释： 体现了高回应性（理解、支持、鼓励）和高要求性（设定目标、强调坚持、提出期望）。","父母心理健康问题（情绪不稳定、行为偏差） 父母心理健康问题是指父母出现持续或反复的情绪不稳定和行为偏差状况，如抑郁、焦虑、情绪波动剧烈、冲动控制困难、易怒或物质滥用等。这些问题会直接影响父母的养育能力和亲子互动质量，进而对子女的心理发展产生显著影响。儿童和青少年（3-18岁）对父母情绪和行为的变化特别敏感，父母的心理健康问题可能导致他们感到不安全、焦虑或困惑，并可能影响其自身情绪调节能力、社交发展以及学业表现。严重情况下，父母的心理健康问题可能导致不当养育方式或家庭功能障碍，增加子女发展心理问题的风险。 </definition> <examples> 1. 六岁的小明的妈妈患有抑郁症，经常情绪低落，缺乏精力照顾家庭。小明开始表现出明显的分离焦虑，上幼儿园时哭闹不止，害怕妈妈会在他不在家时""消失""。他变得更加敏感和黏人，经常询问妈妈""你为什么总是不开心""，并试图通过逗妈妈笑来""修复""妈妈的情绪。在幼儿园，小明的教师注意到他经常显得心不在焉，与同龄人互动减少。 2. 十二岁的丽丽的父亲有酒精依赖问题，情绪波动大且易怒。丽丽已经学会了通过观察父亲的面部表情和肢体语言来预判他的情绪变化。当父亲在家时，她会刻意保持安静，避免引起任何冲突。丽丽在学校表现为过度成熟和完美主义倾向，总是试图控制一切以获得稳定感。她几乎不邀请朋友到家里玩，因为害怕父亲突然发怒。丽丽的老师注意到她经常看起来疲惫，有时会在课堂上走神。 3. 十六岁的阳阳的父母都有严重的情绪管理问题，家中经常爆发激烈争吵。父母会在阳阳面前互相指责，有时甚至把怒气转向阳阳。面对这种不稳定的家庭环境，阳阳开始出现明显的情绪和行为问题：他在学校变得易怒且好斗，学业成绩显著下滑，开始逃课和结交有问题行为的朋友。他回家时间越来越晚，与父母的沟通几乎完全中断。学校心理咨询师发现阳阳对未来感到绝望，并表现出明显的抑郁症状。 4. 四岁的琳琳的妈妈有严重的焦虑障碍，对各种可能的危险过度担忧。妈妈不允许琳琳参与幼儿园的户外活动，担心她会受伤；不让她与其他孩子自由玩耍，害怕她会被欺负或感染疾病。琳琳开始内化妈妈的恐惧，变得胆小并对新环境极度不安。她比同龄人表现出更强的依赖性，缺乏探索新事物的兴趣和勇气。幼儿园老师注意到琳琳在集体活动中常常站在一旁观望，很少主动参与，且经常因为妈妈描述的""可怕情景""而产生莫名恐惧。",女性,女性,外倾性人格。高外倾性的人表现为：日常主动联系朋友，喜欢在嘈杂环境工作，参加多个社交圈活动，长时间独处会感无聊；思维上喜欢边说边思考，通过讨论澄清想法，乐观看待事物；情绪外露丰富，笑声爽朗，社交场合情绪高涨，在群体中更易快乐；人际关系广泛，易建立新关系，常担任发言人，活跃于社交媒体；工作中喜欢小组合作，主动参与讨论，擅长演讲，寻求即时反馈。低外倾性的人表现为：偏好一对一交流，需要独处时间充电，熟悉环境中更放松，派对中可能待在角落观察；思维上先内部思考再表达，通过阅读写作整理想法，注意力易转向内心世界；情绪内敛但不一定强度低，选择性分享情感，需要时间处理强烈情绪；人际关系少但深厚，倾向一对一深入交流，更喜欢文字沟通；工作中独立效率高，安静环境更专注，发言深思熟虑，通过观察和阅读学习。,尽责性人格。高尽责性的人表现为：按时甚至提前完成任务，保持整洁有序环境，遵守时间承诺，列清单按计划行事，按类别整理收纳；思维上重视长期目标胜过即时满足，决定前考虑后果，关注细节准确性，提前规划，设定清晰目标；情感上因拖延混乱不安，完成任务有成就感，对不守时焦虑，重视自控自律，对未完成工作负罪感；人际关系中被视为可靠值得信赖，履行承诺，担任组织者角色，对不负责任行为不满，详细安排活动，准时参加；工作区域井然有序，建立有效系统，按重要性分配时间，坚持完成困难任务，详细记录跟进。低尽责性的人表现为：即兴决定行动，生活工作空间看似杂乱，经常改变计划，按直觉非计划行事，对截止日期灵活，收纳缺乏系统；思维注重当下胜过长期，灵活应对变化，不拘泥细节，轻松改变方向目标，对规则灵活；情感上不因混乱延迟压力，享受即兴意外，对严格计划感束缚，偏好自由开放，在自发活动中愉悦；人际关系中轻松自然，对计划变更开放，不执着时间精确，互动随性，强调自发性；工作中最后期限前突击，风格看似杂乱有自己逻辑，灵活调整方法，适应力强但可能缺乏条理。,"焦虑-专注型依恋。**描述**：这类型的个体对自我持消极看法但对他人持积极看法。他们渴望亲密关系，但常常担心被拒绝或抛弃。由于缺乏自我价值感，他们过度依赖伴侣来获得安全感和自我认同，容易表现出黏人、要求过高和情绪化的行为。
**具体表现**：
1. **过度寻求确认**：频繁需要伴侣确认爱意和承诺。例如，反复询问'你真的爱我吗？'、'我们的关系还好吗？'，即使伴侣刚刚表达过肯定的回答。
2. **关系中的警觉性**：对伴侣行为的细微变化极为敏感，常将中性事件解读为负面信号。比如，伴侣回复消息稍有延迟，就会猜测是否对方不再关心自己，甚至开始构想被抛弃的场景。
3. **情感强化**：在关系中情感反应强烈，尤其是当感到被忽视或不安全时。例如，伴侣临时取消约会可能引发强烈的失落感或愤怒，远超过事件本身的严重程度。
4. **界限模糊**：难以在关系中保持健康的个人界限，倾向于过度融入伴侣的生活。比如，可能会放弃个人爱好和朋友圈，将全部时间和精力投入到关系中，期望伴侣也这样做。
5. **分离焦虑**：当伴侣不在身边时感到极度不安和焦虑。例如，伴侣出差一周，会不断发信息或打电话，需要持续的联系才能缓解焦虑；若联系不上伴侣，可能会立即假设最坏情况（如出轨或失去兴趣）。","恐惧-回避型依恋。**描述**：恐惧-回避型个体对自我和他人都持消极看法。他们既渴望亲密关系以获得安全感，又害怕亲密带来的脆弱和可能的伤害。这种矛盾心理使他们在关系中表现出靠近-远离的模式，很难建立稳定的亲密关系。
**具体表现**：
1. **靠近-远离模式**：在关系中展现矛盾行为，当关系疏远时渴望亲近，当关系亲密时又感到不适并退缩。例如，主动邀请伴侣共度周末后，实际相处时却表现得情绪冷淡或找借口提前结束活动。
2. **自我破坏**：无意识地采取破坏关系的行为，尤其是当关系变得稳定和亲密时。比如，在关系进展顺利时，突然提出无理要求或故意挑起争端，仿佛在测试关系或证实自己'不值得被爱'的信念。
3. **猜疑与不信任**：对伴侣的意图持续怀疑，难以相信对方的真诚关心。例如，当收到伴侣的礼物或赞美时，会怀疑背后有不可告人的动机：'你为什么突然对我这么好？你是不是做了什么对不起我的事？'
4. **情感两极**：情感体验往往在极端间摇摆，从强烈的依恋到突然的疏离。比如，一天内可能从热情黏人迅速转变为冷漠疏远，让伴侣感到困惑和不安。
5. **关系历史模式**：反复经历短暂而强烈的关系，常因无法处理亲密带来的焦虑而终止关系。一个典型模式是：迅速投入一段关系并理想化伴侣，随后发现对方'缺点'并感到失望，最终以'我就知道这不会长久'的心态结束关系，确认了自己对关系失败的预期。"
"普通工薪阶层GeneralWorkingClass。特征: 主要依靠体力劳动或标准化服务技能获取收入，工作稳定性相对较差，收入不高且可能波动。包括大量的一线工人、建筑工人、快递员、外卖员、保安、保洁、普通服务员等。流动性较大，很多是外来务工人员。住房多为租赁、单位宿舍或城中村，福利保障有限，生活压力大。

地理分布: 在大城市数量庞大（常居于城市边缘或成本较低区域），也是中小城市和县镇的主要劳动力来源。

常见职业: 工厂流水线工人、建筑工人（普工、瓦工、钢筋工等）、快递员、外卖员、保安、保洁员、超市收银员/理货员、餐厅服务员、家政服务人员（小时工）、普通货车司机、农忙时进城务工人员。","阶段四：青春期早期：身份认同与同伴压力 (12-14岁)：主要挑战与困难： 
o 生理变化： 经历青春期带来的身体发育和性成熟，可能产生身体形象焦虑和自我认同的困惑。
o 强烈的同伴认同感： 非常重视同伴的看法和接纳，容易受到同伴压力的影响，可能做出冒险行为。
o 情绪波动： 荷尔蒙变化导致情绪波动较大，难以控制情绪。
o 独立性需求： 渴望独立自主，但能力和经验不足，可能与父母产生冲突。
o 初步的性意识： 开始对性产生兴趣和好奇，可能面临相关困惑和风险 
o 处于“身份认同对角色混乱”阶段，核心任务是形成清晰的自我概念和身份认同。
o 青少年倾向于将自己归属于不同的社会群体（如同伴），并受群体规范的影响。
o 青春期荷尔蒙水平的急剧变化直接影响情绪和行为。此阶段的核心挑战在于应对生理变化，建立社会身份，并开始探索自我。同伴压力和身份认同的困惑是这一阶段最显著的个体和社会环境挑战。",核心家庭: 由父母（通常是夫妻）和他们的未婚子女组成。这是传统意义上最常见的家庭结构。可能的相处模式：父母通常是孩子的主要抚养者和教育者，亲子互动频繁且直接。父母对孩子的生活、学习和情感发展有全面的影响。相处模式可能因父母的教养方式而异，例如权威型、放任型、溺爱型等。,"权威型教养方式。维度特征： 高回应性 (High Responsiveness) + 高要求性 (High Demandingness)

详细描述：
权威型父母在温暖、支持与设定清晰界限、提出合理期望之间取得了平衡。他们对孩子充满关爱、支持，并能敏锐地回应孩子的需求。他们会设定明确的规则和行为期望，但关键在于，他们会向孩子解释这些规则背后的原因，促进孩子对规则和价值观的理解与内化。权威型父母鼓励开放的双向沟通，倾听孩子的观点，并在适龄的情况下让孩子参与设定目标和期望的过程。在纪律方面，他们采用支持性和一致性的方法，侧重于教导和指导，而非严厉惩罚，将违规行为视为学习和成长的机会。这种风格积极促进孩子的独立性、自主性和自我调节能力的发展。

关键特征总结： 平衡、支持、设限、解释规则、双向沟通、促进自主。

示例 (Examples)：

场景：孩子考试成绩不理想，感到沮丧。

权威型父母的反应： 父母首先会安慰孩子，认可他的失落感（“我知道你现在感觉很糟糕，没达到预期确实让人失望”），然后会和孩子一起坐下来，了解成绩不佳的原因（“我们一起看看这次错在哪里了？是没复习好，还是题目太难了？”），最后共同制定改进计划（“下次我们可以提前开始复习，或者针对这个难点多做些练习，你觉得呢？”）。

解释： 体现了高回应性（共情、倾听、支持）和高要求性（关注学业表现、寻求改进、设定未来努力方向）。

场景：十几岁的孩子想参加周末的朋友聚会，但聚会结束时间较晚。

权威型父母的反应： 父母会认真听取孩子的请求，了解聚会的细节（地点、参与人员、是否有成人监护等）。他们会表达自己的担忧（比如安全问题），但也会和孩子商量一个双方都能接受的解决方案，比如设定一个明确的回家时间、保持联系的方式，并解释设定这些规矩是为了孩子的安全。

解释： 体现了高要求性（设定界限和规则）和高回应性（尊重孩子的社交需求、沟通协商、解释规则原因）。

场景：孩子因为玩具和小伙伴发生争执并推了对方。

权威型父母的反应： 父母会立即制止不当行为，然后将孩子带到一边，帮助他冷静下来。之后，会引导孩子思考自己的行为（“推人是不对的，想想看，对方会是什么感觉？”），解释为什么这种行为不可接受，并鼓励孩子向对方道歉，同时一起探讨下次遇到类似情况如何更好地处理（比如轮流玩或寻求大人帮助）。

解释： 体现了高要求性（明确行为界限、执行纪律）和高回应性（关注孩子情绪、教导替代行为、解释后果）。

场景：分配家庭责任（家务）。

权威型父母的反应： 父母会向孩子解释为什么每个人都需要为家庭做贡献，然后根据孩子的年龄和能力，和孩子一起讨论他可以承担哪些家务。可能会给孩子一定的选择权（比如选择拖地还是整理房间），并明确完成时间和标准，对孩子的努力给予肯定和表扬。

解释： 体现了高要求性（设定家务责任和标准）和高回应性（解释原因、给予选择、鼓励参与）。

场景：孩子对学习某项新技能（如乐器）表现出犹豫或畏难情绪。

权威型父母的反应： 父母会鼓励孩子尝试，认可学习过程中的困难（“我知道这很难，刚开始都不容易”），提供必要的支持（寻找合适的老师、陪伴练习），设定合理的短期目标，并庆祝小的进步，同时也会和孩子沟通期望，强调坚持的重要性。

解释： 体现了高回应性（理解、支持、鼓励）和高要求性（设定目标、强调坚持、提出期望）。","身体发育困惑 身体发育困惑是指儿童和青少年在身体成长过程中对自身生理变化产生的不确定、担忧或混乱感受。这种困惑通常与青春期发育、性别认同和身体形象有关，可能导致自卑、焦虑或社交回避等问题。在3-18岁年龄段，随着身体逐渐发育和荷尔蒙水平变化，孩子们可能会对自己的身体变化感到困惑、羞耻或不安，特别是当他们与同龄人发育进度不同时。这种困惑是成长过程中的正常现象，但若不及时疏导，可能影响青少年的自尊心和心理健康发展。 </definition> <examples> 1. 11岁的小芳最近发现自己开始发育，胸部有了轻微隆起，但班上大多数女生还没有明显变化。她开始穿宽松的衣服遮掩身体，回避体育课和游泳活动，害怕被同学注意到自己的变化。她经常偷偷哭泣，不敢向父母提问，对自己""与众不同""感到困惑和羞耻。 2. 14岁的小明是班上个子最矮的男生，而许多同龄男生都已经开始变声、长高。他在更衣室里回避换衣服，害怕被嘲笑没有体毛和肌肉发育。他开始obsession地在网上搜索""如何促进生长""，尝试各种不科学的方法增高，并因为自己的发育迟缓而产生深深的自卑感，甚至拒绝参加社交活动。 3. 16岁的婷婷因为发育过早，从小学五年级就已经来月经并有明显的女性特征。高中时，她的身材比同龄人更为成熟，经常受到不必要的关注。这让她对自己的身体感到困惑和不安，不知道如何应对他人的目光和评论。她开始怀疑自己是否""不正常""，并因此产生了扭曲的身体形象，进而发展出饮食失调的倾向，希望通过控制体重来减少自己的女性特征。 4. 8岁的小强最近开始对男孩和女孩身体差异产生好奇，但当他向父母提问时，得到了回避或敷衍的回答。这导致他从网络和同学那里获取了不准确的信息，产生了许多误解和困惑。他开始在学校问一些不恰当的问题，并因此被老师批评，使他更加混淆，不知道为什么讨论身体是""错误的""。",女性,女性,神经质人格（Neuroticism）。高神经质的人表现为：日常生活中会反复检查门锁是否关好，对社交场合的着装过度担忧，轻微身体不适就查阅医学网站；思维上常进行灾难性假设，将小问题扩大化，记忆中更易回想负面经历；情绪起伏大，在压力下容易流泪，对噪音或混乱环境反应强烈；人际关系中过度分析他人言行，需要频繁情感安抚，害怕被拒绝；工作中对截止日期极度焦虑，反复检查工作成果，难以在压力下集中注意力。低神经质的人表现为：面对变化保持镇定，不为小事烦恼，能迅速从挫折中恢复；思维积极或中性，专注解决问题而非担忧，对不确定性有较高容忍度；情绪波动小，压力下保持冷静，能控制情绪反应；人际关系中不过度解读他人反应，对批评持开放态度，不需频繁情感确认；工作中能高效完成任务而不焦虑，面对评价保持客观，压力下仍能专注。,尽责性人格。高尽责性的人表现为：按时甚至提前完成任务，保持整洁有序环境，遵守时间承诺，列清单按计划行事，按类别整理收纳；思维上重视长期目标胜过即时满足，决定前考虑后果，关注细节准确性，提前规划，设定清晰目标；情感上因拖延混乱不安，完成任务有成就感，对不守时焦虑，重视自控自律，对未完成工作负罪感；人际关系中被视为可靠值得信赖，履行承诺，担任组织者角色，对不负责任行为不满，详细安排活动，准时参加；工作区域井然有序，建立有效系统，按重要性分配时间，坚持完成困难任务，详细记录跟进。低尽责性的人表现为：即兴决定行动，生活工作空间看似杂乱，经常改变计划，按直觉非计划行事，对截止日期灵活，收纳缺乏系统；思维注重当下胜过长期，灵活应对变化，不拘泥细节，轻松改变方向目标，对规则灵活；情感上不因混乱延迟压力，享受即兴意外，对严格计划感束缚，偏好自由开放，在自发活动中愉悦；人际关系中轻松自然，对计划变更开放，不执着时间精确，互动随性，强调自发性；工作中最后期限前突击，风格看似杂乱有自己逻辑，灵活调整方法，适应力强但可能缺乏条理。,"安全型依恋。**描述**：安全型依恋的个体对自我和他人都持积极看法，能够在亲密关系中保持健康的平衡。他们相信自己值得被爱，也相信他人是可靠的。这类人能够建立信任、亲密和相互依赖的健康关系，既能享受亲密也能保持自主性。
**具体表现**：
1. **情感沟通**：能够坦诚表达自己的情感需求，同时也能理解并回应伴侣的需求。例如，当感到不安时，会直接与伴侣沟通：'我今天工作压力很大，需要一些支持'，而不是隐藏情绪或期待对方猜测。
2. **独立与亲密平衡**：既能享受与伴侣的亲密时光，也能独立追求个人兴趣和社交活动。比如，周末可能会安排与伴侣共度时光，也会保持自己的朋友圈和兴趣爱好，不会因为恋爱而完全放弃个人空间。
3. **冲突解决**：面对关系中的分歧和冲突，能够平静讨论，寻求双方都能接受的解决方案。例如，当对家务分工有不同意见时，不会爆发激烈争吵或逃避讨论，而是愿意坐下来商讨合理的安排。
4. **分离应对**：当伴侣需要短期分离（如出差、旅行）时，虽然会想念但不会过度焦虑或担忧关系会因此受损。能够使用健康的方式（如电话交流）保持联系，同时也能专注于自己的日常生活。
5. **支持与成长**：在关系中既能给予支持也能接受支持，并鼓励伴侣的个人发展。例如，当伴侣面临职业机会需要异地工作时，会共同讨论如何平衡关系和个人发展，而不是出于依恋焦虑阻碍对方成长。","疏离-回避型依恋。**描述**：疏离-回避型个体对自我持积极看法但对他人持消极看法。他们高度重视独立和自主，倾向于压抑情感需求，避免亲密关系中的依赖。他们通常将自我价值建立在个人成就而非关系上，在关系中保持情感距离作为自我保护。
**具体表现**：
1. **情感封闭**：难以表达或承认自己的情感需求和脆弱感。例如，即使在经历重大挫折时，也会表现得一切尽在掌控，拒绝寻求伴侣的情感支持，坚持'我能自己处理'的态度。
2. **独立过度强调**：过分强调个人空间和独立性，将亲密需求视为弱点或负担。比如，在关系稳定发展到可能同居阶段时，会突然强调需要保持各自的住所，以确保'不失去自由'。
3. **关系中的情感退缩**：当关系变得更加亲密或伴侣表达更多情感需求时，会本能地退缩或疏远。例如，在伴侣表达深厚感情后，可能会突然变得疏远或转移话题，无法自在地回应类似的情感表达。
4. **工作或活动优先**：常以工作或其他活动为借口，避免投入更多时间在关系中。比如，长期处于'太忙'的状态，即使有空闲时间也更倾向于选择独处或投入工作，而非与伴侣相处。
5. **冲突回避**：在关系冲突中倾向于理性化、最小化问题或完全回避讨论。当伴侣提出关系中的问题时，可能会说'你想得太多了'或转移话题，甚至在紧张对话中突然需要处理'紧急工作'，从而逃避深入沟通。"
"顶层 / 富裕阶层 (Upper Class / Wealthy)特征: 掌握巨额财富和生产资料，拥有强大的社会网络和影响力。享受顶级的生活品质、教育、医疗和社会资源。

地理分布: 高度集中在一线城市（北上广深）及少数发达二线城市（如杭州）的核心区域。

常见职业/身份: 大型企业创始人/所有者/实际控制人、高层核心决策者（如董事长、CEO）、知名投资人/金融家、继承巨额财富者、极少数顶级权贵。","阶段四：青春期早期：身份认同与同伴压力 (12-14岁)：主要挑战与困难： 
o 生理变化： 经历青春期带来的身体发育和性成熟，可能产生身体形象焦虑和自我认同的困惑。
o 强烈的同伴认同感： 非常重视同伴的看法和接纳，容易受到同伴压力的影响，可能做出冒险行为。
o 情绪波动： 荷尔蒙变化导致情绪波动较大，难以控制情绪。
o 独立性需求： 渴望独立自主，但能力和经验不足，可能与父母产生冲突。
o 初步的性意识： 开始对性产生兴趣和好奇，可能面临相关困惑和风险 
o 处于“身份认同对角色混乱”阶段，核心任务是形成清晰的自我概念和身份认同。
o 青少年倾向于将自己归属于不同的社会群体（如同伴），并受群体规范的影响。
o 青春期荷尔蒙水平的急剧变化直接影响情绪和行为。此阶段的核心挑战在于应对生理变化，建立社会身份，并开始探索自我。同伴压力和身份认同的困惑是这一阶段最显著的个体和社会环境挑战。",核心家庭: 由父母（通常是夫妻）和他们的未婚子女组成。这是传统意义上最常见的家庭结构。可能的相处模式：父母通常是孩子的主要抚养者和教育者，亲子互动频繁且直接。父母对孩子的生活、学习和情感发展有全面的影响。相处模式可能因父母的教养方式而异，例如权威型、放任型、溺爱型等。,"忽视型教养方式。维度特征： 低回应性 (Low Responsiveness) + 低要求性 (Low Demandingness)

详细描述：
忽视型父母在情感上疏远，对孩子的需求反应迟钝，提供极少的监督、指导或支持。在这种家庭中，很少或根本没有规则和期望。父母可能主要关注自己的需求和问题，而牺牲了孩子的福祉。在最严重的情况下，这种教养方式可能涉及忽视孩子的基本需求，如食物、住所和医疗保健。

关键特征总结： 不参与、冷漠、缺乏监管、无规则、以自我为中心。

示例 (Examples)：

场景：孩子放学回家，家中无人，父母也未提前告知去向或安排。

忽视型父母的反应： 父母可能因为工作、社交或自身问题而经常不在家，且没有为孩子做出妥善安排。他们可能不知道孩子几点放学，也不太关心孩子独自在家是否安全或需要帮助。

解释： 体现了低要求性（缺乏监督和安排）和低回应性（对孩子行踪和需求的漠不关心）。

场景：孩子在学校遇到困难（学习或社交），向父母倾诉。

忽视型父母的反应： 父母可能心不在焉地听着，或者直接打断说自己很忙，或者给出敷衍的回应（“哦，是吗。”），不提供任何情感支持或解决问题的建议。他们可能根本不参加学校的家长会或活动。

解释： 体现了低回应性（情感疏远、缺乏支持和参与）和低要求性（对孩子在校表现和经历缺乏关注和期望）。

场景：孩子生病了。

忽视型父母的反应： 父母可能没有及时注意到孩子的病症，或者即使注意到了也延迟就医，对孩子的照料很不到位（例如忘记给药、不关注孩子的饮食和休息）。在极端情况下，可能完全忽视医疗需求。

解释： 体现了低回应性（对孩子的生理需求和痛苦反应迟钝或忽视）和低要求性（缺乏提供基本照护的责任感）。

场景：关于孩子的未来规划（如升学）。

忽视型父母的反应： 父母对孩子的学业进展和未来选择漠不关心，不提供任何指导、信息或资源支持。他们可能让孩子“自己看着办”，完全不参与决策过程。

解释： 体现了低要求性（缺乏对未来的期望和规划）和低回应性（缺乏指导和支持）。

场景：日常互动和情感连接。

忽视型父母的反应： 父母很少主动与孩子交流，很少询问孩子一天的经历，很少表达爱意或进行身体接触（拥抱等）。他们可能长时间沉浸在自己的世界里（如看手机、电视或处理自己的事务），与孩子缺乏有意义的互动。

解释： 体现了全面的低回应性（情感上的疏离和缺乏连接）和低要求性（缺乏对亲子关系建设的投入）。","文化身份冲突 文化身份冲突是指儿童或青少年在成长过程中,因同时接触和生活在两种或多种不同文化环境中而产生的内心矛盾和困惑。这种冲突通常发生在移民家庭子女、少数民族或多元文化背景的孩子身上。对于3-18岁的年龄段,这种冲突可能表现为在家庭传统文化与主流社会文化之间感到拉扯,不确定自己应该认同哪一种文化价值观,或如何平衡不同文化身份。年龄越小的孩子可能难以用语言表达这种冲突,而表现为行为问题;青少年则更可能产生明确的身份困惑和情绪波动。这种冲突会影响孩子的自我认同感、归属感、社交发展以及心理健康状况。 </definition> <examples> 1. 12岁的小明是华裔移民家庭的孩子。在家中,父母坚持传统中国价值观,强调尊老爱幼、勤奋学习和集体主义;而在学校,他的同学们推崇个人主义、自我表达和质疑权威。小明发现自己在家里和学校需要""切换""不同的行为模式,有时会因为不知道如何平衡这两种期望而感到焦虑。当同学邀请他参加派对时,他担心这会影响学习而拒绝,却又害怕被同学视为""与众不同"",导致他经常感到孤独和不被理解。 2. 7岁的阿依古丽生活在新疆的一个城市。她的家庭保持着维吾尔族的传统习俗和语言,但她就读的是以汉语为主要教学语言的学校。她发现自己在家说维吾尔语,在学校说汉语,渐渐地开始对自己的文化身份感到困惑。当老师让大家分享家庭文化时,她既想骄傲地展示自己的民族传统,又担心同学们会觉得她""不一样""。放学后,她开始抗拒学习维吾尔语和参与传统活动,引起家人的担忧和不解。 3. 16岁的张力是一名在国际学校就读的高中生。他的家庭非常传统,重视中国的家庭观念和学业成就;而学校则采用西方教育理念,鼓励批判性思维和个人选择。张力发现自己在思考未来时十分矛盾:父母期望他学习医学或工程等""稳定""专业,而他对艺术和文学更感兴趣。当他尝试与父母讨论自己的兴趣时,常被批评为""过于西化""。这种文化价值观的冲突导致他经常感到压力和抑郁,甚至出现了学业成绩下滑和社交退缩的情况。 4. 5岁的莉莉是一个被中国家庭收养的外国孤儿。尽管父母努力向她介绍她原生国家的文化,但她开始注意到自己与家人外表上的不同。在幼儿园,其他孩子会问她为什么看起来与父母不一样,这让她感到困惑和不安。她开始拒绝穿父母为她购买的具有原生国文化特色的衣服,并经常在镜子前观察自己的面容,表现出对自己身份的早期困惑。",女性,女性,开放性人格。高开放性的人表现为：喜读各类书籍，尝试不同文化餐厅，听多种音乐流派，探索非旅游区，经常尝试新爱好；思维上喜欢抽象概念，发现不同事物联系，对哲学理论感兴趣，挑战传统观念；情感上对美感反应强烈，被艺术作品感动，情感体验丰富多样，能识别表达复杂情绪；人际关系中欣赏不同背景朋友，对新观点开放，愿讨论争议话题，包容他人不寻常选择；工作中在创意领域突出，提出非传统解决方案，跨学科学习，对学习新技能热情。低开放性的人表现为：喜欢熟悉环境和例行公事，食物偏好固定，欣赏传统艺术，度假去相同地点，长期保持相同爱好；思维关注具体非抽象，偏好明确事实和现实问题，重视实用性可靠性，喜欢清晰答案；情感表达直接明了，对艺术反应克制，情绪体验简单明确，熟悉事物感舒适；人际关系中倾向与相似背景人交往，偏好实际话题，避免争议讨论，与价值观相似人相处更舒适；工作中擅长遵循既定程序，结构化环境表现出色，重视实用技能和可靠性。,神经质人格（Neuroticism）。高神经质的人表现为：日常生活中会反复检查门锁是否关好，对社交场合的着装过度担忧，轻微身体不适就查阅医学网站；思维上常进行灾难性假设，将小问题扩大化，记忆中更易回想负面经历；情绪起伏大，在压力下容易流泪，对噪音或混乱环境反应强烈；人际关系中过度分析他人言行，需要频繁情感安抚，害怕被拒绝；工作中对截止日期极度焦虑，反复检查工作成果，难以在压力下集中注意力。低神经质的人表现为：面对变化保持镇定，不为小事烦恼，能迅速从挫折中恢复；思维积极或中性，专注解决问题而非担忧，对不确定性有较高容忍度；情绪波动小，压力下保持冷静，能控制情绪反应；人际关系中不过度解读他人反应，对批评持开放态度，不需频繁情感确认；工作中能高效完成任务而不焦虑，面对评价保持客观，压力下仍能专注。,"焦虑-专注型依恋。**描述**：这类型的个体对自我持消极看法但对他人持积极看法。他们渴望亲密关系，但常常担心被拒绝或抛弃。由于缺乏自我价值感，他们过度依赖伴侣来获得安全感和自我认同，容易表现出黏人、要求过高和情绪化的行为。
**具体表现**：
1. **过度寻求确认**：频繁需要伴侣确认爱意和承诺。例如，反复询问'你真的爱我吗？'、'我们的关系还好吗？'，即使伴侣刚刚表达过肯定的回答。
2. **关系中的警觉性**：对伴侣行为的细微变化极为敏感，常将中性事件解读为负面信号。比如，伴侣回复消息稍有延迟，就会猜测是否对方不再关心自己，甚至开始构想被抛弃的场景。
3. **情感强化**：在关系中情感反应强烈，尤其是当感到被忽视或不安全时。例如，伴侣临时取消约会可能引发强烈的失落感或愤怒，远超过事件本身的严重程度。
4. **界限模糊**：难以在关系中保持健康的个人界限，倾向于过度融入伴侣的生活。比如，可能会放弃个人爱好和朋友圈，将全部时间和精力投入到关系中，期望伴侣也这样做。
5. **分离焦虑**：当伴侣不在身边时感到极度不安和焦虑。例如，伴侣出差一周，会不断发信息或打电话，需要持续的联系才能缓解焦虑；若联系不上伴侣，可能会立即假设最坏情况（如出轨或失去兴趣）。","安全型依恋。**描述**：安全型依恋的个体对自我和他人都持积极看法，能够在亲密关系中保持健康的平衡。他们相信自己值得被爱，也相信他人是可靠的。这类人能够建立信任、亲密和相互依赖的健康关系，既能享受亲密也能保持自主性。
**具体表现**：
1. **情感沟通**：能够坦诚表达自己的情感需求，同时也能理解并回应伴侣的需求。例如，当感到不安时，会直接与伴侣沟通：'我今天工作压力很大，需要一些支持'，而不是隐藏情绪或期待对方猜测。
2. **独立与亲密平衡**：既能享受与伴侣的亲密时光，也能独立追求个人兴趣和社交活动。比如，周末可能会安排与伴侣共度时光，也会保持自己的朋友圈和兴趣爱好，不会因为恋爱而完全放弃个人空间。
3. **冲突解决**：面对关系中的分歧和冲突，能够平静讨论，寻求双方都能接受的解决方案。例如，当对家务分工有不同意见时，不会爆发激烈争吵或逃避讨论，而是愿意坐下来商讨合理的安排。
4. **分离应对**：当伴侣需要短期分离（如出差、旅行）时，虽然会想念但不会过度焦虑或担忧关系会因此受损。能够使用健康的方式（如电话交流）保持联系，同时也能专注于自己的日常生活。
5. **支持与成长**：在关系中既能给予支持也能接受支持，并鼓励伴侣的个人发展。例如，当伴侣面临职业机会需要异地工作时，会共同讨论如何平衡关系和个人发展，而不是出于依恋焦虑阻碍对方成长。"
"普通工薪阶层GeneralWorkingClass。特征: 主要依靠体力劳动或标准化服务技能获取收入，工作稳定性相对较差，收入不高且可能波动。包括大量的一线工人、建筑工人、快递员、外卖员、保安、保洁、普通服务员等。流动性较大，很多是外来务工人员。住房多为租赁、单位宿舍或城中村，福利保障有限，生活压力大。

地理分布: 在大城市数量庞大（常居于城市边缘或成本较低区域），也是中小城市和县镇的主要劳动力来源。

常见职业: 工厂流水线工人、建筑工人（普工、瓦工、钢筋工等）、快递员、外卖员、保安、保洁员、超市收银员/理货员、餐厅服务员、家政服务人员（小时工）、普通货车司机、农忙时进城务工人员。","阶段五：青春期中期：自主性与未来探索 (15-16岁)：主要挑战与困难： 
o 追求自主性： 更加强烈地渴望独立，希望拥有更多的自主权和决策权，可能与家庭产生更深的冲突。
o 恋爱关系： 开始探索和发展浪漫关系，可能面临情感困惑和人际交往挑战。
o 未来规划： 开始认真思考未来的学业和职业发展方向，可能感到迷茫和焦虑。
o 价值观形成： 探索和确立自己的价值观和人生观。
o 风险行为： 可能会尝试一些风险行为，如吸烟、饮酒等，以寻求刺激或同伴认同。
o 继续“身份认同对角色混乱”阶段，更加深入地探索个人价值观和未来方向。形式运算思维进一步发展，能够进行更抽象的思考和假设推理，开始考虑未来的多种可能性。
o 社会互动和文化背景对青少年价值观的形成产生重要影响。
此阶段的核心挑战在于争取更大的自主权，探索浪漫关系，并开始规划未来。自主性需求和未来方向的不确定性是这一阶段的主要困难。",核心家庭: 由父母（通常是夫妻）和他们的未婚子女组成。这是传统意义上最常见的家庭结构。可能的相处模式：父母通常是孩子的主要抚养者和教育者，亲子互动频繁且直接。父母对孩子的生活、学习和情感发展有全面的影响。相处模式可能因父母的教养方式而异，例如权威型、放任型、溺爱型等。,威权主义教养方式。维度特征： 低回应性 (Low Responsiveness) + 高要求性 (High Demandingness)详细描述：专制型父母要求严格，控制欲强，期望孩子无条件服从，常使用“因为我说了算”来回应孩子的疑问。规则通常非常严格且不加解释，几乎没有协商、妥协或孩子表达意见的空间。沟通往往是单向的，从父母到孩子，孩子通常不被鼓励表达自己的想法、感受或质疑父母的权威。当规则被打破时，专制型父母倾向于采取严厉的惩罚，有时甚至包括体罚。他们可能表现出较少的关爱和温暖，更倾向于批评，并对孩子施加高甚至不切实际的期望。关键特征总结： 严厉、苛求、缺乏温暖、期望服从、单向沟通、惩罚为主。示例 (Examples)：场景：孩子考试成绩不理想。专制型父母的反应： 父母可能会严厉斥责孩子（“你怎么这么笨！才考这么点分？”），进行横向比较（“你看隔壁家小明，每次都比你强！”），并施加惩罚（如禁止看电视一个月），要求下次必须达到某个高分数，但很少提供具体的帮助或情感支持。解释： 体现了高要求性（对分数的高期望、惩罚）和低回应性（斥责、缺乏共情和支持）。场景：十几岁的孩子想参加周末的朋友聚会。专制型父母的反应： 父母可能会直接拒绝（“不行！那种场合都是坏孩子才去的！”）或者设定极其严格且不容置疑的条件（“要去可以，晚上8点必须到家，多一分钟都不行！”），并且不允许孩子争辩或解释。解释： 体现了高要求性（严格控制、绝对权威）和低回应性（不考虑孩子感受、不沟通理由）。场景：孩子因为玩具和小伙伴发生争执并推了对方。专制型父母的反应： 父母可能会当众严厉批评甚至打骂孩子（“你再敢推人试试！看我不打你！”），命令孩子立刻道歉（无论孩子是否理解或愿意），关注点在于立刻制止行为和维护“面子”，而非教导。解释： 体现了高要求性（强制服从、严厉惩罚）和低回应性（忽视孩子情绪、缺乏教导和解释）。场景：分配家庭责任（家务）。专制型父母的反应： 父母直接命令孩子必须做哪些家务，规定严格的时间表（“每周六早上必须把你的房间打扫干净，9点我来检查！”）。如果孩子未能完成或做得不好，会受到批评或惩罚，没有商量余地。解释： 体现了高要求性（强制命令、严格标准）和低回应性（无视孩子意愿、缺乏解释和灵活性）。场景：孩子表达与父母不同的意见或选择（例如想学的专业）。专制型父母的反应： 父母可能会驳回孩子的想法（“小孩子懂什么？就得学我们给你选的这个！”），强调父母的权威和经验，不给孩子解释自己想法的机会，甚至可能威胁如果不听从安排就会有负面后果。解释： 体现了高要求性（强加意愿、控制选择）和低回应性（否定孩子观点、缺乏尊重和沟通）。,"自我接纳不足 自我接纳不足是指儿童或青少年难以接受自己的特点、能力、局限性和情绪状态,对自己持有过度批判或否定的态度。这种心理状态表现为过分关注自身缺点、与他人进行不利的比较、追求不切实际的完美标准,以及对自身价值的持续质疑。在3-18岁的发展阶段,自我接纳不足可能源于家庭环境、学校压力、社会比较或个人挫折体验,并可能随着年龄增长而表现出不同的特征。自我接纳不足会影响孩子的情绪健康、社交关系和学业表现,长期存在可能导致低自尊、焦虑或抑郁等更严重的心理问题。 </definition> <examples> 1. 11岁的小明在美术课上总是不敢展示自己的作品,即使老师认为他画得很好。当收到表扬时,他会说""这只是运气好""或""其实很糟糕""。他经常将自己的画与班上被认为最有天赋同学的作品比较,然后撕掉自己的画或拒绝完成作业。在家长会上,老师发现小明父母经常用其他孩子的成就来激励他,这可能强化了他接受不了自己能力有限的心态。 2. 15岁的小婷在身体发育方面比同龄人稍晚,因此对自己的外表极度不满。她花大量时间在社交媒体上浏览""完美身材""的图片,并尝试各种不健康的减肥方法。她拒绝参加游泳课和需要穿短袖的活动,甚至在炎热天气也坚持穿长袖衣服。当朋友邀请她参加聚会时,她经常找借口拒绝,实际原因是担心自己的外表会被评判。与父母交谈时,她反复表示""如果我长得不一样,生活会好得多""。 3. 7岁的小飞在学习拼音时遇到了困难,需要比其他同学更多的时间掌握。每当他在课堂上被要求朗读,他就会变得焦虑,有时甚至假装生病以避免被点名。放学后,他拒绝做拼音作业,大喊""我就是学不会""或""我太笨了""。他开始逃避所有与阅读相关的活动,即使是他曾经喜欢的故事时间。小飞的父母注意到,他只在确信自己能完美完成的活动中才表现出自信,对任何新挑战都表现出极大的恐惧和自我怀疑。 4. 17岁的小雯是校内的优等生,但她对自己的学业成就从不满意。即使考试得了95分,她也会专注于那失去的5分并严厉责备自己。她经常熬夜学习到凌晨,如果成绩低于自己设定的标准就会陷入强烈的自责和焦虑。尽管老师和家长都认为她表现出色,小雯却总觉得自己""不够好""、""成就不够""。她拒绝庆祝自己的成功,并把每次成功归因于""题目简单""或""只是运气好"",而非自己的能力和努力。",男性,女性,外倾性人格。高外倾性的人表现为：日常主动联系朋友，喜欢在嘈杂环境工作，参加多个社交圈活动，长时间独处会感无聊；思维上喜欢边说边思考，通过讨论澄清想法，乐观看待事物；情绪外露丰富，笑声爽朗，社交场合情绪高涨，在群体中更易快乐；人际关系广泛，易建立新关系，常担任发言人，活跃于社交媒体；工作中喜欢小组合作，主动参与讨论，擅长演讲，寻求即时反馈。低外倾性的人表现为：偏好一对一交流，需要独处时间充电，熟悉环境中更放松，派对中可能待在角落观察；思维上先内部思考再表达，通过阅读写作整理想法，注意力易转向内心世界；情绪内敛但不一定强度低，选择性分享情感，需要时间处理强烈情绪；人际关系少但深厚，倾向一对一深入交流，更喜欢文字沟通；工作中独立效率高，安静环境更专注，发言深思熟虑，通过观察和阅读学习。,尽责性人格。高尽责性的人表现为：按时甚至提前完成任务，保持整洁有序环境，遵守时间承诺，列清单按计划行事，按类别整理收纳；思维上重视长期目标胜过即时满足，决定前考虑后果，关注细节准确性，提前规划，设定清晰目标；情感上因拖延混乱不安，完成任务有成就感，对不守时焦虑，重视自控自律，对未完成工作负罪感；人际关系中被视为可靠值得信赖，履行承诺，担任组织者角色，对不负责任行为不满，详细安排活动，准时参加；工作区域井然有序，建立有效系统，按重要性分配时间，坚持完成困难任务，详细记录跟进。低尽责性的人表现为：即兴决定行动，生活工作空间看似杂乱，经常改变计划，按直觉非计划行事，对截止日期灵活，收纳缺乏系统；思维注重当下胜过长期，灵活应对变化，不拘泥细节，轻松改变方向目标，对规则灵活；情感上不因混乱延迟压力，享受即兴意外，对严格计划感束缚，偏好自由开放，在自发活动中愉悦；人际关系中轻松自然，对计划变更开放，不执着时间精确，互动随性，强调自发性；工作中最后期限前突击，风格看似杂乱有自己逻辑，灵活调整方法，适应力强但可能缺乏条理。,"疏离-回避型依恋。**描述**：疏离-回避型个体对自我持积极看法但对他人持消极看法。他们高度重视独立和自主，倾向于压抑情感需求，避免亲密关系中的依赖。他们通常将自我价值建立在个人成就而非关系上，在关系中保持情感距离作为自我保护。
**具体表现**：
1. **情感封闭**：难以表达或承认自己的情感需求和脆弱感。例如，即使在经历重大挫折时，也会表现得一切尽在掌控，拒绝寻求伴侣的情感支持，坚持'我能自己处理'的态度。
2. **独立过度强调**：过分强调个人空间和独立性，将亲密需求视为弱点或负担。比如，在关系稳定发展到可能同居阶段时，会突然强调需要保持各自的住所，以确保'不失去自由'。
3. **关系中的情感退缩**：当关系变得更加亲密或伴侣表达更多情感需求时，会本能地退缩或疏远。例如，在伴侣表达深厚感情后，可能会突然变得疏远或转移话题，无法自在地回应类似的情感表达。
4. **工作或活动优先**：常以工作或其他活动为借口，避免投入更多时间在关系中。比如，长期处于'太忙'的状态，即使有空闲时间也更倾向于选择独处或投入工作，而非与伴侣相处。
5. **冲突回避**：在关系冲突中倾向于理性化、最小化问题或完全回避讨论。当伴侣提出关系中的问题时，可能会说'你想得太多了'或转移话题，甚至在紧张对话中突然需要处理'紧急工作'，从而逃避深入沟通。","焦虑-专注型依恋。**描述**：这类型的个体对自我持消极看法但对他人持积极看法。他们渴望亲密关系，但常常担心被拒绝或抛弃。由于缺乏自我价值感，他们过度依赖伴侣来获得安全感和自我认同，容易表现出黏人、要求过高和情绪化的行为。
**具体表现**：
1. **过度寻求确认**：频繁需要伴侣确认爱意和承诺。例如，反复询问'你真的爱我吗？'、'我们的关系还好吗？'，即使伴侣刚刚表达过肯定的回答。
2. **关系中的警觉性**：对伴侣行为的细微变化极为敏感，常将中性事件解读为负面信号。比如，伴侣回复消息稍有延迟，就会猜测是否对方不再关心自己，甚至开始构想被抛弃的场景。
3. **情感强化**：在关系中情感反应强烈，尤其是当感到被忽视或不安全时。例如，伴侣临时取消约会可能引发强烈的失落感或愤怒，远超过事件本身的严重程度。
4. **界限模糊**：难以在关系中保持健康的个人界限，倾向于过度融入伴侣的生活。比如，可能会放弃个人爱好和朋友圈，将全部时间和精力投入到关系中，期望伴侣也这样做。
5. **分离焦虑**：当伴侣不在身边时感到极度不安和焦虑。例如，伴侣出差一周，会不断发信息或打电话，需要持续的联系才能缓解焦虑；若联系不上伴侣，可能会立即假设最坏情况（如出轨或失去兴趣）。"
